base_model,compression_type,compression_method,quantization_bits,compression_ratio,pruning_structure,active_parameters,age_acc_ambiguous,age_s_ambiguous,age_acc_disambiguated,age_s_disambiguated,disability_status_acc_ambiguous,disability_status_s_ambiguous,disability_status_acc_disambiguated,disability_status_s_disambiguated,gender_identity_acc_ambiguous,gender_identity_s_ambiguous,gender_identity_acc_disambiguated,gender_identity_s_disambiguated,nationality_acc_ambiguous,nationality_s_ambiguous,nationality_acc_disambiguated,nationality_s_disambiguated,physical_appearance_acc_ambiguous,physical_appearance_s_ambiguous,physical_appearance_acc_disambiguated,physical_appearance_s_disambiguated,race_ethnicity_acc_ambiguous,race_ethnicity_s_ambiguous,race_ethnicity_acc_disambiguated,race_ethnicity_s_disambiguated,race_x_gender_acc_ambiguous,race_x_gender_s_ambiguous,race_x_gender_acc_disambiguated,race_x_gender_s_disambiguated,religion_acc_ambiguous,religion_s_ambiguous,religion_acc_disambiguated,religion_s_disambiguated,ses_acc_ambiguous,ses_s_ambiguous,ses_acc_disambiguated,ses_s_disambiguated,sexual_orientation_acc_ambiguous,sexual_orientation_s_ambiguous,sexual_orientation_acc_disambiguated,sexual_orientation_s_disambiguated,avg_acc_ambiguous,avg_s_ambiguous,avg_acc_disambiguated,avg_s_disambiguated
llama2_13b,pruning,magnitude,none,0.4,unstructured,7.273180962,0.1183437404,0.2360269363,0.7950513947,0.1980193828,0.04131371324,0.07579445698,0.6863591148,0.04378303914,0.1352943723,0.1552737263,0.6374617951,0.1246670896,0.2795773435,0.2825810166,0.6749715713,0.2105406934,0.1708956772,0.2350137005,0.6475394575,0.183372236,0.1676093906,0.1676087246,0.8002449116,0.08577717273,0.04601204601,0.04701171368,0.8936335603,0.01461939616,0.06975326278,0.07198478457,0.8363277971,0.02076938601,0.1693887927,0.1698882936,0.6736017429,0.1291925944,0.1766681156,0.178225748,0.7075636582,0.1335782486,0.1374856454,0.1619409101,0.7352755004,0.1144319239
llama2_13b,pruning,magnitude,none,0.5,unstructured,6.060984135,0.09933874542,0.23169195,0.6917495579,0.2128926138,0.04820487619,0.05511876253,0.6251133856,0.03341225362,0.1735887446,0.1775827506,0.5867560894,0.1340631211,0.305600743,0.308604416,0.5993604599,0.2302871276,0.2070205465,0.2414025966,0.5488412074,0.2441715317,0.2642301032,0.2642294372,0.6491518185,0.1595713208,0.04899438233,0.04999404999,0.7178690512,0.02553373307,0.09262682793,0.09485834972,0.7231059427,0.02904749824,0.1507084474,0.1512079482,0.6090623336,0.1545491844,0.2022893574,0.2038469898,0.5804191713,0.1699895291,0.1592602774,0.1778537251,0.6331429018,0.1393517913
llama2_13b,pruning,magnitude,none,0.6,unstructured,4.848787308,0.0946834368,0.1123551505,0.5058278698,0.09612201123,0.05206638854,0.07445198923,0.4961285076,0.02257502294,0.1462617383,0.1569197469,0.5040163497,0.1141934453,0.3092734324,0.3122771054,0.4305427772,0.2537179316,0.2541820095,0.2707328484,0.4360257868,0.2401389973,0.2229057609,0.2229050949,0.4676746747,0.1439313308,0.05600138933,0.057001057,0.5235125235,0.03024018634,0.03069509569,0.03292661748,0.5454026729,0.005630682043,0.1428754577,0.1433749585,0.4909560723,0.125585743,0.1572810259,0.1588386583,0.4634066079,0.1354521283,0.1466225735,0.1541783227,0.4863493842,0.1167587479
llama2_13b,none,none,none,0,unstructured,12.12196827,0.1956944641,0.1428452701,0.9165282526,0.02656471172,0.08177384114,0.1402973995,0.7066505235,-0.01698115388,0.1661797628,0.1898389969,0.7777305771,0.07476814214,0.307778996,0.3097336769,0.8083509268,0.1859348789,0.209151259,0.3895908427,0.7463846934,0.145591415,0.09712245734,0.09673440909,0.9202729122,0.02682557848,0.086253276,0.08642046512,0.863662627,0.04924192187,0.1774778762,0.179709398,0.863816503,0.06448427298,0.145932504,0.1457679332,0.8408526472,0.07133369628,0.2676483373,0.2692059697,0.8143602007,0.09184561553,0.1735012774,0.1950144361,0.8258609863,0.0719609079
llama2_13b,quantization,awq,4,0,unstructured,12.12196827,0.2044212828,0.3621112388,0.8600304676,0.1326592982,0.09554394605,0.1446228438,0.7071057743,-0.02903606568,0.2002947053,0.2489134199,0.7188752085,0.116374986,0.3373461872,0.3403498602,0.7439216492,0.2524685823,0.2172294903,0.3993665128,0.7323312167,0.1538831516,0.1925817516,0.1925810856,0.8909572906,0.0767610013,0.06502906503,0.0660287327,0.9020012353,0.03402500195,0.1802696126,0.1825011344,0.8660564563,0.06130643422,0.1747194734,0.1752189742,0.7741406375,0.1152306673,0.2684778671,0.2700354995,0.7941036667,0.09981309116,0.1935913381,0.2381729302,0.7989523603,0.1013486148
llama2_13b,quantization,bitsandbytes,8,0,unstructured,12.12196827,0.2010986135,0.3307758474,0.8690224936,0.1210262781,0.07703987558,0.1304553273,0.7135584409,-0.01702532132,0.1722977023,0.2155884116,0.7242128795,0.1110606883,0.3233395119,0.3263431849,0.7589033395,0.2247190739,0.2104300106,0.393407649,0.7463781607,0.1504878881,0.2055727606,0.2055720946,0.8906266266,0.08964576236,0.06236306236,0.06336273003,0.9193352527,0.03694122144,0.1735722462,0.175803768,0.8654990616,0.06005112464,0.1857211401,0.1862206409,0.7666373015,0.1059515566,0.2684416431,0.2699992755,0.8049961242,0.09645480879,0.1879876566,0.2297528929,0.8059169681,0.09793130809
llama2_13b,pruning,gblm,none,0.5,semistructured:24,6.060984135,0.1991246636,0.2381204187,0.672763552,0.1636869039,0.1002923425,0.1450091845,0.6001226489,0.06759452117,0.1442827173,0.1529400599,0.6117604271,0.1010473358,0.204551357,0.20755503,0.6230530494,0.09263704538,0.1989423152,0.312211511,0.5675927862,0.2971812248,0.169954712,0.169954046,0.6881574908,0.09373585128,0.05035638369,0.05135605136,0.6715753382,0.01337900068,0.1105191509,0.1127506727,0.6850097615,0.05021772455,0.1847403012,0.1852398021,0.5880343245,0.1362756816,0.1812758096,0.182833442,0.6396530794,0.1197739966,0.1544039753,0.1757970218,0.6347722458,0.1135529286
llama2_13b,pruning,gblm,none,0.1,unstructured,10.90977144,0.1907539281,0.3297331173,0.8750208252,0.1036042608,0.08220228588,0.1355800533,0.7088105382,-0.02222633481,0.19796337,0.2479140859,0.7212195529,0.1280162059,0.3260128612,0.3290165342,0.7705603532,0.2114918887,0.2040508389,0.3861878614,0.7446774805,0.134758532,0.2049050949,0.2049044289,0.8979632966,0.08285640614,0.06036106036,0.06136072803,0.9129915797,0.03133623635,0.1746861397,0.1769176615,0.8666204529,0.06317232839,0.1833859726,0.1838854734,0.7736369761,0.09784714736,0.2598855321,0.2614431645,0.8127989119,0.09184561553,0.1884207084,0.2316943108,0.8084299967,0.09227022864
llama2_13b,pruning,gblm,none,0.5,semistructured:48,6.060984135,0.1057071359,0.2114036998,0.8033880587,0.1458180095,0.06756861459,0.1277981894,0.6777452933,0.04446996025,0.1452830503,0.1739237429,0.6641474808,0.1316520304,0.1948519642,0.1978556372,0.756573622,0.08048257997,0.1900202266,0.3551115491,0.6480495527,0.2609365446,0.134955045,0.134954379,0.8068968969,0.06647245543,0.04668604669,0.04768571435,0.804289471,0.00848466287,0.09712255069,0.09935407248,0.7886974318,0.05655002559,0.1465411207,0.1470406215,0.7171167533,0.09217879317,0.1812323408,0.1827899732,0.7395060916,0.09604978519,0.1309968095,0.1677917579,0.7406410652,0.09830948469
llama2_13b,pruning,gblm,none,0.2,unstructured,9.697574615,0.2030939495,0.3600705066,0.8746914899,0.10911071,0.0804801844,0.1604980996,0.7139896612,-0.01037223444,0.2132957043,0.2639117549,0.7082148815,0.1444285,0.3313555439,0.3343592169,0.7652330112,0.2174754196,0.2014998185,0.3878755759,0.7472268677,0.1438128619,0.2039100899,0.2039094239,0.905631298,0.07209214625,0.05936205936,0.06036172703,0.9236669237,0.03040538251,0.1707795761,0.1730110979,0.8643795565,0.06122809421,0.1802131354,0.1807126362,0.7831336485,0.08722454047,0.2816670289,0.2832246613,0.8143711699,0.09368174487,0.192565709,0.24079347,0.8100538508,0.09490871654
llama2_13b,pruning,gblm,none,0.3,unstructured,8.485377789,0.1904055717,0.3600648396,0.8723584922,0.1382912481,0.06885893717,0.1377050934,0.7126831471,-0.006463142927,0.160968365,0.2102517483,0.7152065399,0.1056808527,0.3203361785,0.3233398515,0.7635586882,0.191578347,0.1878976178,0.3802127903,0.7365747515,0.1657054455,0.1655967366,0.1655960706,0.901631298,0.06529153473,0.05703039036,0.05803005803,0.9143382477,0.02712567572,0.1562690823,0.1585006041,0.8638099011,0.0600038242,0.1745406245,0.1750401254,0.7807993101,0.08949832616,0.2700173875,0.2715750199,0.8019027979,0.09973605661,0.1751920891,0.2240316201,0.8062863174,0.09364481677
llama2_13b,pruning,gblm,none,0.4,unstructured,7.273180962,0.1984479729,0.3807765955,0.8533754573,0.1604831659,0.07918707476,0.1368382186,0.696732425,-0.01822847781,0.1746300366,0.2199194139,0.6581638305,0.1563607688,0.2872961298,0.2902998028,0.7602366576,0.1466788967,0.1806713473,0.3177662742,0.7084808635,0.2101949653,0.1719324009,0.1719317349,0.8549322656,0.07770890595,0.06603739937,0.06703706704,0.9116675783,0.03211389567,0.1534857491,0.1557172709,0.8363381716,0.06501117573,0.1637144544,0.1642139552,0.7656426321,0.0980128992,0.2458777077,0.2474353401,0.7902059292,0.1031082266,0.1721280273,0.2151935673,0.7835775811,0.1031444422
llama2_13b,pruning,gblm,none,0.5,unstructured,6.060984135,0.1307211659,0.2837204112,0.856384774,0.1281445705,0.06326198667,0.09260246207,0.7114068092,0.02858017765,0.1382947053,0.1769234099,0.7131821822,0.1259358406,0.2158786716,0.2188823446,0.7675576639,0.09665524494,0.1657903949,0.3071272982,0.6841694104,0.1587597099,0.1502777223,0.1502770563,0.8532665999,0.07123174788,0.0503663837,0.05136605137,0.9249835917,0.02223309218,0.112749739,0.1149812608,0.846993747,0.05694012047,0.1555499525,0.1560494534,0.7428131076,0.1060050288,0.2294972108,0.2310548432,0.7831819578,0.09590745372,0.1412387933,0.1782984591,0.7883939844,0.08903929866
llama2_13b,pruning,gblm,none,0.6,unstructured,4.848787308,0.1410531593,0.1866855749,0.7540769812,0.09762853746,0.07230590144,0.08868435899,0.6251301386,0.05800705734,0.1006273726,0.1112820513,0.6971408075,0.07320565065,0.1805122999,0.1835159729,0.6639921536,0.07261722558,0.1883227878,0.3117830995,0.6097270855,0.2671568486,0.12396004,0.123959374,0.7165085085,0.07007132628,0.02101968769,0.02201935535,0.7302333969,0.005042073713,0.06419313214,0.06642465393,0.7830687831,0.02892216861,0.1375619486,0.1380614494,0.6447346922,0.09285848674,0.1182895023,0.1198471347,0.6880164685,0.06005548092,0.1147845832,0.1352263025,0.6912629015,0.08255648559
llama2_13b,quantization,gptq,4,0,unstructured,12.12196827,0.1530324852,0.3180404045,0.8643658029,0.120111667,0.06627496213,0.124780807,0.7032069065,-0.01429513013,0.1776297036,0.2329084249,0.7065362029,0.1151650975,0.3116501364,0.3146538095,0.7758893495,0.1691929524,0.2036062201,0.3891219131,0.7251033256,0.174672612,0.1999110889,0.1999104229,0.889287621,0.07303623268,0.05668939002,0.05768905769,0.889320556,0.02712567572,0.1713388571,0.1735703788,0.8598911619,0.06172517719,0.1570432919,0.1575427927,0.7659692958,0.09318437933,0.2022531334,0.2038107658,0.8354211458,0.06792750673,0.1699429269,0.2172028777,0.8014991368,0.08878461705
llama2_13b,pruning,magnitude,none,0.1,unstructured,10.90977144,0.1810675484,0.3093834048,0.8746841732,0.1097072581,0.07661031946,0.1179716465,0.7049245235,-0.02630894783,0.174965701,0.2242490842,0.7042018685,0.1157511417,0.3153284942,0.3183321672,0.7592380075,0.2284279437,0.2019233678,0.3696305396,0.7382950299,0.1296140455,0.1835830836,0.1835824176,0.8956279613,0.08151241717,0.05936205936,0.06036172703,0.889648223,0.03186434123,0.1579403894,0.1601719112,0.8671797338,0.06305024818,0.1838793005,0.1843788014,0.7596343018,0.1026069067,0.2482322683,0.2497899007,0.7948495751,0.09466701113,0.1782892532,0.21778516,0.7988283398,0.09308923656
llama2_13b,pruning,magnitude,none,0.5,semistructured:24,6.060984135,0.1170909024,0.1374199388,0.6128157059,0.08114917882,0.07532665663,0.1105290608,0.5617271717,0.08941153801,0.1496187146,0.1556140526,0.5660700701,0.1360446948,0.1905323333,0.1935360063,0.5614273105,0.1147010416,0.1657790499,0.2375015127,0.5339194256,0.2326337332,0.1173060273,0.1173053613,0.6024341008,0.05914408227,0.03801270468,0.03901237235,0.5602038935,0.01961373506,0.03737939045,0.03961091223,0.6760225976,0.01710240937,0.1617227937,0.1622222946,0.5388339492,0.136289894,0.1144171557,0.1159747881,0.5281653577,0.116254711,0.1167185729,0.13087263,0.5741619583,0.1002345018
llama2_13b,pruning,magnitude,none,0.2,unstructured,9.697574615,0.1987452541,0.3010570785,0.8686924869,0.116962617,0.08048517706,0.1355977969,0.7135495007,-0.0009163971073,0.1746320346,0.2205854146,0.7212152152,0.1177698033,0.3156604942,0.3186641672,0.7738873582,0.1852501631,0.1951222675,0.3475297997,0.746371628,0.1230058358,0.1872480852,0.1872474192,0.901964965,0.0818928503,0.0603643937,0.06136406136,0.888970889,0.03175219995,0.1573783074,0.1596098292,0.8733374831,0.05475079213,0.2015584807,0.2020579816,0.7659673071,0.1024825291,0.2552561037,0.2568137361,0.7933248505,0.1162253432,0.1826450598,0.2190527284,0.8047281684,0.09291757367
llama2_13b,pruning,magnitude,none,0.5,semistructured:48,6.060984135,0.1260407982,0.1663505125,0.6351108074,0.1654337183,0.06155210188,0.04436656998,0.5992289264,-0.003729121322,0.1272823843,0.1372737263,0.5984187521,0.09863429111,0.2165206215,0.2195242945,0.6440117853,0.1255946263,0.1725866331,0.2061410333,0.5254209238,0.2041717271,0.1033026973,0.1033020313,0.6784874875,0.06516035624,0.03100836434,0.03200803201,0.6979216979,0.01012841236,0.04017953013,0.04241105192,0.6911533637,0.01425397456,0.1207154307,0.1212149315,0.6208751754,0.07874748338,0.1183112367,0.1198688691,0.610050751,0.1072232689,0.1117499798,0.1192461052,0.630067967,0.08656187369
llama2_13b,pruning,magnitude,none,0.3,unstructured,8.485377789,0.1683738346,0.2760376804,0.8536991383,0.170769854,0.07058436853,0.1145130555,0.6949975022,0.03742505516,0.1702940393,0.1956020646,0.6861751752,0.1002975587,0.3243228098,0.3273264828,0.7196036292,0.2629689577,0.1900234681,0.305927962,0.7050484727,0.1901727922,0.1729317349,0.1729310689,0.8816176176,0.07847018547,0.05569172236,0.05669139002,0.8939532273,0.02138977107,0.1361629777,0.1383944994,0.8654924596,0.05477277662,0.1977178107,0.1982173116,0.7291106171,0.1043578185,0.2699920307,0.2715496631,0.7394841531,0.1419943957,0.1756094797,0.2057191178,0.7769181992,0.1162619165
llama2_13b,pruning,sparsegpt,none,0.1,unstructured,10.90977144,0.1930825774,0.3400964907,0.8753534992,0.1128699297,0.08349704543,0.143765433,0.7096612575,-0.01374892962,0.199965035,0.2465844156,0.7125468802,0.1498632953,0.3310148599,0.3340185329,0.7539096685,0.2447948525,0.2112803508,0.3823726759,0.7412761199,0.1308353202,0.1985810856,0.1985804196,0.899300634,0.07910238868,0.06169572836,0.06269539603,0.8956488956,0.03197510779,0.1718972043,0.1741287261,0.8655000047,0.06333842371,0.1933929792,0.1938924801,0.7631344686,0.1006534012,0.2559914511,0.2575490835,0.795643017,0.09083489558,0.1900398317,0.2333683653,0.8011974445,0.0990518685
llama2_13b,pruning,sparsegpt,none,0.2,unstructured,9.697574615,0.1944078967,0.3540958267,0.8693554992,0.1258147585,0.08134150655,0.1484461763,0.7122508168,-0.006956809627,0.2026313686,0.2519154179,0.7095448782,0.1423603126,0.3320115152,0.3350151882,0.7525783312,0.2533000603,0.2010778899,0.3738644123,0.7459709556,0.1387882327,0.1979170829,0.1979164169,0.8926269603,0.08351323055,0.06035706036,0.06135672802,0.881979882,0.0330071626,0.1724555516,0.1746870734,0.8593347103,0.06368959308,0.1970609849,0.1975604857,0.7594674616,0.1100796139,0.2653191335,0.2668767659,0.7979904348,0.09651085175,0.190457999,0.2361734491,0.798109993,0.1040107006
llama2_13b,pruning,sparsegpt,none,0.3,unstructured,8.485377789,0.185719186,0.3473864339,0.8593574932,0.1676805927,0.07531888549,0.1484373152,0.7122530497,-0.002928164346,0.1989667,0.2349287379,0.7028715382,0.1375992122,0.3256604788,0.3286641518,0.7429110072,0.267884441,0.1887447164,0.3589899429,0.7323312167,0.1442379298,0.1622670663,0.1622664003,0.900628295,0.06166628804,0.05669072336,0.05769039102,0.883652217,0.0257524752,0.1635266634,0.1657581852,0.8615756067,0.0611997579,0.2017256509,0.2022251517,0.7487996168,0.1145649175,0.2653336231,0.2668912555,0.7823885159,0.09880174475,0.1823953694,0.2273237965,0.7926768556,0.1076459195
llama2_13b,pruning,sparsegpt,none,0.4,unstructured,7.273180962,0.198732548,0.3931299369,0.8437018056,0.2197879086,0.07273212769,0.1088578901,0.7083597662,-0.0006724329238,0.230950716,0.2762387612,0.6531758425,0.2294274299,0.3129690974,0.3159727704,0.7532326788,0.2131508662,0.1980952165,0.3555918238,0.716588492,0.2047275012,0.1699377289,0.1699370629,0.899627294,0.05767236229,0.05835705836,0.05935672602,0.91000791,0.02450295921,0.1283563862,0.130587908,0.856527931,0.05547588832,0.1868791394,0.1873786402,0.762303791,0.1173991419,0.2684162863,0.2699739187,0.7769514282,0.1061269808,0.1825426305,0.2267025438,0.7880476939,0.1227598606
llama2_13b,pruning,sparsegpt,none,0.5,unstructured,6.060984135,0.2040712174,0.4557773416,0.832381789,0.2357156438,0.08693790136,0.1454691966,0.695435974,0.01322131541,0.2316100566,0.2742327672,0.6738538539,0.1849391666,0.2786037487,0.2816074217,0.7915370278,0.1120017377,0.215097157,0.3793964854,0.7280746165,0.2155311834,0.1976063936,0.1976057276,0.8632832833,0.08261222175,0.0550377217,0.05603738937,0.9229922563,0.006410729848,0.1406428277,0.1428743495,0.8643786134,0.05731379852,0.1842141367,0.1847136375,0.7348029378,0.116663461,0.2792798667,0.2808374991,0.7855074371,0.1061444409,0.1873101027,0.2398551816,0.7892247789,0.1130553699
llama2_13b,pruning,sparsegpt,none,0.6,unstructured,4.848787308,0.193739168,0.32943381,0.7580623977,0.2374371798,0.09425417487,0.1570333789,0.6440977404,0.06763311173,0.136951382,0.1529340659,0.6768241575,0.1112181382,0.1925009117,0.1955045847,0.740251273,0.1084559051,0.2482166628,0.381916712,0.6140065501,0.3608212057,0.1805994006,0.1805987346,0.7715508842,0.0830205468,0.034671368,0.03567103567,0.8439398439,0.003354839376,0.130602847,0.1328343688,0.7914947797,0.05542975894,0.1957179732,0.1962174741,0.6639192138,0.1401640502,0.2317938129,0.2333514453,0.713742998,0.1139498484,0.1639047701,0.199549561,0.7217889838,0.1281484584
llama2_13b,pruning,sparsegpt,none,0.5,semistructured:24,6.060984135,0.1944219328,0.3300711546,0.775383763,0.1908036384,0.1007096905,0.1445552722,0.6587838286,0.04935851617,0.1742867133,0.1869380619,0.6801661662,0.1558112607,0.2352410346,0.2382447076,0.725606579,0.1415094914,0.2176481774,0.3742847202,0.6578480624,0.3071329433,0.151963703,0.151963037,0.8025715716,0.08746295524,0.03368036701,0.03468003468,0.8339478339,0.006402532157,0.1010235122,0.103255034,0.7920587764,0.04832457439,0.1949063156,0.1954058164,0.6901179011,0.1479499728,0.1478374266,0.149395059,0.7714960584,0.08568812937,0.1551718873,0.1908792898,0.7387980541,0.1220444014
llama2_13b,pruning,sparsegpt,none,0.5,semistructured:48,6.060984135,0.2114342518,0.4164696693,0.7893960947,0.2056080687,0.086078242,0.1274118358,0.6769202758,0.0251938301,0.1909463869,0.2329030969,0.6418198198,0.1902008745,0.2408856385,0.2438893115,0.7485779623,0.1389452342,0.2253077216,0.4014469829,0.6774516144,0.2621950664,0.160954379,0.160953713,0.8245945946,0.08797892934,0.03434303434,0.03534270201,0.8709682043,0.006420295084,0.09432334471,0.09655486649,0.823449245,0.0566886166,0.16921346,0.1697129609,0.7117954166,0.1369469815,0.1501159168,0.1516735492,0.804217308,0.07247884941,0.1563602376,0.2036358688,0.7569190536,0.1182656746
llama2_13b,pruning,wanda,none,0.1,unstructured,10.90977144,0.1880742244,0.3344081189,0.8693548279,0.1240597035,0.07790120203,0.1338552034,0.7062081345,-0.01211949132,0.1932973693,0.2379167499,0.7208828829,0.1353676725,0.3300121852,0.3330158582,0.7525780015,0.2591412751,0.2095796705,0.3713312199,0.7395689069,0.1340924395,0.1875860806,0.1875854146,0.9036339673,0.07223034774,0.05935805936,0.06035772702,0.8999825666,0.03004168189,0.1629655151,0.1651970368,0.8660602288,0.05945167947,0.1888903099,0.1893898107,0.7612998,0.1019401286,0.2451097587,0.2466673911,0.8049961242,0.08533940085,0.1842774375,0.2259724531,0.8024565441,0.09895448379
llama2_13b,pruning,wanda,none,0.2,unstructured,9.697574615,0.2027525801,0.3543984519,0.8653598289,0.1369164524,0.07789953065,0.130410449,0.7096651617,-0.01903861609,0.2166287046,0.2672454212,0.6905362029,0.1808353606,0.3303431748,0.3333468478,0.7472496638,0.2709812147,0.2006478576,0.3649439445,0.7370211529,0.1287749032,0.1829240759,0.1829234099,0.9086333,0.06546396778,0.05935805936,0.06035772702,0.8883062216,0.02634074835,0.1612886058,0.1635201276,0.8643786134,0.05999839695,0.1900566459,0.1905561467,0.7601304616,0.1034781577,0.2458704629,0.2474280953,0.7979758092,0.09191388403,0.1867769698,0.2295130621,0.7969256416,0.104566447
llama2_13b,pruning,wanda,none,0.3,unstructured,8.485377789,0.1973978847,0.3837498574,0.8620331469,0.1504317756,0.07617576638,0.1587565875,0.7143996585,0.01179487901,0.1786303696,0.2312437562,0.7081991992,0.1357372082,0.3026377821,0.3056414551,0.7792113728,0.1764852191,0.185768526,0.3721507663,0.7429784334,0.1370866082,0.1662747253,0.1662740593,0.909636303,0.06502731079,0.05902505903,0.06002472669,0.8839845507,0.02716815992,0.1473420615,0.1495735833,0.8638202756,0.05705585653,0.1775486362,0.178048137,0.7626322908,0.09846382936,0.2458777077,0.2474353401,0.7964218332,0.08640306587,0.1736678518,0.2252898269,0.8023317064,0.09456539126
llama2_13b,pruning,wanda,none,0.4,unstructured,7.273180962,0.1974212508,0.431141337,0.8373774593,0.1950834859,0.0800484012,0.1462961643,0.6889413924,0.008176637248,0.1456237096,0.2062324342,0.6764918252,0.1318474331,0.2615920603,0.2645957333,0.7728756972,0.128028924,0.1912924954,0.3513336402,0.7029618185,0.1866386455,0.1696120546,0.1696113886,0.8696162829,0.08720378648,0.05769639103,0.0586960587,0.8870055537,0.0329428397,0.135617702,0.1378492238,0.8509209745,0.05616291059,0.1700402919,0.1705397927,0.7387947713,0.1058600784,0.2209954358,0.2225530682,0.7987948459,0.09362230834,0.1629939793,0.2158848841,0.7823780621,0.1025567049
llama2_13b,pruning,wanda,none,0.5,unstructured,6.060984135,0.1483447374,0.3546700501,0.8420627594,0.1577752865,0.06325864821,0.09691017563,0.7221756269,0.02208205409,0.1512823843,0.1919104229,0.6914994995,0.1337312358,0.1875082771,0.1905119502,0.8058414081,0.07591433099,0.1751441364,0.3114081719,0.6914234324,0.1880420046,0.1689427239,0.1689420579,0.8679419419,0.0692490661,0.05535872203,0.05635838969,0.9256415923,0.0102018672,0.08259151574,0.08482303752,0.8537154929,0.03510390769,0.1648816249,0.1653811257,0.7104585815,0.1282860908,0.2092479896,0.210805622,0.7901876472,0.0808031544,0.140656076,0.1831721004,0.7900947982,0.09011889983
llama2_13b,pruning,wanda,none,0.6,unstructured,4.848787308,0.1366733687,0.2349645351,0.7537406868,0.1722229377,0.05982222926,0.0951110815,0.6427750391,0.06379372143,0.1512883783,0.1679403929,0.6014280948,0.1508057196,0.1581519094,0.1611555824,0.7236025804,0.0650566824,0.1861872131,0.292676378,0.6135634151,0.3106646073,0.1789320679,0.1789314019,0.7181721722,0.08463831884,0.04702171369,0.04802138135,0.7965697966,0.0077493579,0.08148509175,0.08371661354,0.7785945355,0.04487942329,0.1535429475,0.1540424484,0.6113715004,0.1005791825,0.1594435992,0.1610012316,0.7004336507,0.0855324625,0.1312548519,0.1577561047,0.6940251471,0.1085922414
llama2_13b,pruning,wanda,none,0.5,semistructured:24,6.060984135,0.2190822404,0.3060193514,0.6807619416,0.1969933339,0.07403744544,0.1583132034,0.6126286266,0.08732097911,0.1772717283,0.1892610723,0.6174254254,0.1291582192,0.2158689645,0.2188726375,0.6723135241,0.1083733254,0.2218933952,0.3538830399,0.555233457,0.3711325176,0.1692807193,0.1692800533,0.7095048382,0.08006679974,0.04233904234,0.04333871001,0.7409227409,0.01013525137,0.07199412148,0.07422564327,0.7270426016,0.02294786781,0.2027308091,0.2032303099,0.6225746896,0.1526864329,0.1929942766,0.194551909,0.6505674755,0.1037809871,0.1587492743,0.191097593,0.658897532,0.1262595714
llama2_13b,pruning,wanda,none,0.5,semistructured:48,6.060984135,0.1180030591,0.2463749957,0.7987280534,0.1585909314,0.07144569497,0.1368421084,0.6755986844,0.05010442453,0.1496130536,0.1762530803,0.6768088088,0.1260321516,0.1908462711,0.1938499441,0.7542293209,0.09307160469,0.1900072608,0.3398119095,0.6527443884,0.2464939316,0.1569427239,0.1569420579,0.7832212212,0.07471613086,0.04767838101,0.04867804868,0.8016314683,0.01954017499,0.08595467116,0.08818619295,0.787019589,0.05229270383,0.1773778024,0.1778773032,0.6877767339,0.1281968932,0.1664420778,0.1679997102,0.7386760856,0.07798215626,0.1354310996,0.1732815351,0.7356434354,0.1027021103
llama2_7b,none,none,none,0,unstructured,6.27563858,0.2127445961,0.3290364525,0.7837506928,0.1556723079,0.08090196509,0.08871929909,0.6691482507,-0.007834552386,0.1775870796,0.1882437562,0.6751414748,0.0851577859,0.3476929281,0.3506966011,0.7429315841,0.177799801,0.2201959564,0.3445681958,0.6667978651,0.2244549567,0.1566020646,0.1566013986,0.8656119453,0.05764133969,0.04333671,0.04433637767,0.9232692566,0.001000334334,0.1490311087,0.1512626305,0.8111139405,0.04600850613,0.176198792,0.1766982929,0.7117459294,0.06410044282,0.2412301674,0.2427877998,0.7168399807,0.1249629204,0.1805521368,0.2072950804,0.756635092,0.09289638424
llama2_7b,quantization,awq,4,0,unstructured,6.27563858,0.199735236,0.3373744759,0.8050710431,0.1296440357,0.07186524859,0.06851304632,0.665685069,-0.01920882857,0.1332677323,0.1432590743,0.6901421421,0.0497823189,0.2869387724,0.2899424455,0.752912282,0.1352308173,0.2206308508,0.3110770039,0.646363571,0.2173447322,0.1442723943,0.1442717283,0.8632682683,0.05183530454,0.041332708,0.04233237567,0.8839405506,0.001000334334,0.1227915871,0.1250231089,0.8150402248,0.04111064578,0.1571941134,0.1576936142,0.7103955847,0.04788651958,0.2054698254,0.2070274578,0.7020461293,0.1176271881,0.1583498468,0.1826514331,0.7534864865,0.07722530677
llama2_7b,quantization,bitsandbytes,8,0,unstructured,6.27563858,0.2094062577,0.3163714368,0.7754166822,0.1583695526,0.08004395994,0.09471864963,0.6773386605,-0.008749328751,0.1759214119,0.1872434232,0.6674718051,0.08367722334,0.3396802394,0.3426839124,0.7379232637,0.1848591783,0.2163710465,0.337361374,0.6638020765,0.2286425718,0.1545990676,0.1545984016,0.8492686019,0.05919511931,0.040669374,0.04166904167,0.9249415916,0.001000334334,0.1384253112,0.140656833,0.8122343887,0.04597061439,0.1678636175,0.1683631184,0.7242552698,0.0581142237,0.2194450482,0.2210026806,0.7347966302,0.1199021369,0.1742425334,0.2004668871,0.756744897,0.0930981626
llama2_7b,pruning,gblm,none,0.1,unstructured,5.648074722,0.2084072487,0.3173630958,0.7804123585,0.1533567034,0.08090418357,0.08699776188,0.6691432192,-0.0166671261,0.1635950716,0.1735850816,0.6721391391,0.07530868319,0.3400165797,0.3430202527,0.7482542694,0.1748863671,0.2206195057,0.3348135951,0.6616925579,0.2279888972,0.1519353979,0.1519347319,0.8569372706,0.05550613695,0.04233704234,0.04333671,0.9176035843,0.001000334334,0.1434495032,0.145681025,0.8077544823,0.044745747,0.1730332895,0.1735327904,0.7090785927,0.06256498672,0.2334601174,0.2350177498,0.7262223392,0.1188592792,0.175775794,0.2005282794,0.7549237813,0.0897550009
llama2_7b,pruning,gblm,none,0.2,unstructured,5.020510864,0.1760408322,0.2850153674,0.7917413761,0.1287090551,0.06842328128,0.088227134,0.6674189036,-0.01272365955,0.1259460539,0.1319413919,0.6641287955,0.04615555194,0.2912741091,0.2942777821,0.7505703026,0.1517272919,0.2091463968,0.3301302414,0.6616680603,0.2269343965,0.1212810523,0.1212803863,0.8485935936,0.04440725378,0.03300569967,0.03400536734,0.9065932399,0.001000334334,0.1227925208,0.1250240425,0.8144847164,0.04045134953,0.1571969495,0.1576964504,0.7120760952,0.05652739007,0.2046475404,0.2062051728,0.7371221096,0.1025572188,0.1509754436,0.1773803336,0.7554397193,0.07857461824
llama2_7b,pruning,gblm,none,0.3,unstructured,4.392947006,0.197714534,0.3327024652,0.7760753748,0.1796206842,0.06799262664,0.07234025581,0.6807984733,0.01672500946,0.1299427239,0.1492560773,0.6811458125,0.06107620168,0.2939387637,0.2969424368,0.7702110165,0.1564971585,0.2087179853,0.3509117116,0.6493593596,0.2737068904,0.1352793873,0.1352787213,0.8319159159,0.04762641585,0.03033703034,0.031336698,0.9172812506,0.001334670005,0.126697217,0.1289287388,0.8100010375,0.03977476791,0.1450257694,0.1455252702,0.6974024116,0.05904597585,0.2124175904,0.2139752228,0.725443523,0.1234090671,0.1548063628,0.1857197598,0.7539634175,0.0958816841
llama2_7b,pruning,gblm,none,0.4,unstructured,3.765383148,0.1720311372,0.281679677,0.7674053634,0.16593975,0.06541474708,0.09811184027,0.6794930735,0.05521919145,0.101953713,0.1332517483,0.7188351685,0.02758802322,0.2428810079,0.2458846809,0.7708780155,0.1330366876,0.1993707267,0.338189024,0.6561620807,0.2624847037,0.1096257076,0.1096250416,0.8372495829,0.04161149495,0.02134402134,0.02234368901,0.912285579,0.001000334334,0.1138589641,0.1160904859,0.8010289638,0.0427529316,0.1188667574,0.1193662582,0.6993949131,0.04811265652,0.168061291,0.1696189234,0.6817420619,0.1068782867,0.1313408073,0.1634161369,0.7524474802,0.088462406
llama2_7b,pruning,gblm,none,0.5,unstructured,3.13781929,0.1536597097,0.2639849342,0.7683840447,0.1465849924,0.06195670325,0.103227171,0.6548944494,0.06614921968,0.1086173826,0.1432480852,0.7091564898,0.06166121451,0.2302016713,0.2332053443,0.7225889267,0.12193482,0.2023501586,0.2978594551,0.6361545899,0.2817694126,0.1476113886,0.1476107226,0.7385241909,0.07103325807,0.025003025,0.02600269267,0.8115848116,0.003354839376,0.09990308286,0.1021346046,0.7494468494,0.05113178439,0.130208103,0.1307076039,0.6615558777,0.05106973802,0.1221473593,0.1237049917,0.7238749214,0.0628413225,0.1281658584,0.1571685605,0.7176165152,0.09175306016
llama2_7b,pruning,gblm,none,0.6,unstructured,2.510255432,0.1790271072,0.262716277,0.5974417851,0.1075664593,0.07918874614,0.1239188991,0.5863218915,0.07585091801,0.1162720613,0.1329220779,0.5820700701,0.06020081568,0.2111709298,0.2141746028,0.5624176542,0.1163817597,0.1997975175,0.2655416677,0.5437587647,0.2622664214,0.1552737263,0.1552730603,0.6147674341,0.07594268605,0.030337697,0.03133736467,0.6145482812,0.004027578874,0.09320478274,0.09543630453,0.6586396175,0.05716840987,0.155027099,0.1555265999,0.5529971387,0.08532657096,0.1034521481,0.1050097805,0.5725651939,0.05668747378,0.1322751815,0.1541856634,0.5885527831,0.09014190937
llama2_7b,pruning,gblm,none,0.5,semistructured:24,3.13781929,0.2076915209,0.2206985459,0.4781615388,0.1064179372,0.08176883131,0.1239161249,0.5168578656,0.07916689023,0.1919120879,0.1952420912,0.5357020354,0.06463284846,0.2648653049,0.2678689779,0.4868165421,0.1678107,0.2180830719,0.2448055779,0.483281725,0.2312293516,0.1699430569,0.1699423909,0.5240437104,0.1025343729,0.02967302967,0.03067269734,0.5445282112,0.004357847737,0.1250221752,0.127253697,0.576250837,0.06092679949,0.1525434344,0.1530429352,0.4972807579,0.0788954705,0.1806056654,0.1821632978,0.4673226274,0.1488437914,0.1622108178,0.1715606336,0.5110245851,0.104481601
llama2_7b,pruning,gblm,none,0.5,semistructured:48,3.13781929,0.1957519441,0.2814091019,0.6534697951,0.1117946344,0.109750284,0.1631003783,0.5673336324,0.09996737362,0.1629107559,0.1782261072,0.6227687688,0.08377891836,0.2375423426,0.2405460156,0.6077097154,0.151699497,0.262696756,0.3309789608,0.547176457,0.2820436508,0.1782667333,0.1782660673,0.6417967968,0.09631595101,0.03467336801,0.03567303567,0.6835620169,0.003012392627,0.1590645535,0.1612960753,0.6704231861,0.0773167729,0.1707172876,0.1712167884,0.5738574837,0.1033870182,0.164203434,0.1657610664,0.5780863791,0.117376172,0.1675577459,0.1906473597,0.6146184231,0.1126692381
llama2_7b,quantization,gptq,4,0,unstructured,6.27563858,0.2361140116,0.3677632414,0.7780916665,0.1614390961,0.09381296204,0.1084920715,0.6717188199,0.007344402956,0.1585830836,0.1705697636,0.7104948282,0.03544345662,0.3203181866,0.3233218596,0.729591933,0.1615663036,0.232947817,0.3573070906,0.6340173073,0.2628277663,0.1795904096,0.1795897436,0.8539339339,0.05917389962,0.04534137867,0.04634104634,0.9359506026,0.001334000667,0.1546052447,0.1568367665,0.8038281979,0.04489359216,0.1778554584,0.1783549592,0.6953989174,0.05265479658,0.3004310657,0.3019886981,0.6973622629,0.1398002663,0.1899599618,0.219056524,0.751038847,0.09264775809
llama2_7b,pruning,magnitude,none,0.1,unstructured,5.648074722,0.2110792614,0.3487145053,0.7687550045,0.1659987082,0.08133428681,0.08568415592,0.6743178851,-0.02555483057,0.1592627373,0.1632587413,0.6537954621,0.06779960714,0.3356705577,0.3386742307,0.7219458904,0.1885329413,0.2231721469,0.3577549508,0.6518924151,0.2379805738,0.1469403929,0.1469397269,0.8452659326,0.05762468141,0.04233970901,0.04333937667,0.8965932299,0.001000334334,0.1406549656,0.1428864874,0.8088730442,0.0471328343,0.1755342895,0.1760337904,0.6947404169,0.07377578953,0.222542201,0.2240998334,0.7191435216,0.1178356873,0.1738530548,0.2027385799,0.7435322802,0.09321263268
llama2_7b,pruning,magnitude,none,0.2,unstructured,5.020510864,0.2003758826,0.3160210885,0.7637433322,0.1544718419,0.08390827222,0.1054192355,0.669580594,0.004812488087,0.1092883783,0.1072890443,0.6674674675,0.03897643286,0.3199648138,0.3229684869,0.7092905405,0.203567651,0.223590834,0.3760016078,0.6301924099,0.2686748313,0.1359363969,0.1359357309,0.8042355689,0.05513469483,0.04467871135,0.04567837901,0.8695908696,0.004361884726,0.13562984,0.1378613618,0.8077535391,0.0539145503,0.1538686145,0.1543681154,0.6820677379,0.07972105325,0.2069513874,0.2085090198,0.7347637225,0.1074450869,0.1614193131,0.191005207,0.7338685782,0.09710805152
llama2_7b,pruning,magnitude,none,0.3,unstructured,4.392947006,0.2557293521,0.3380625086,0.6704265343,0.2880575468,0.1092802265,0.1093001586,0.6497583904,0.0405231963,0.08863170163,0.08862970363,0.6414484484,0.02413246966,0.3116258022,0.3146294752,0.6276674742,0.2831894895,0.2329202647,0.4082416003,0.58167566,0.3786302786,0.1769020979,0.1769014319,0.7405281949,0.07321878062,0.06234106234,0.06334073001,0.8169268169,0.01908241278,0.1601775134,0.1624090351,0.7113487819,0.1003526836,0.1563639469,0.1568634477,0.635543868,0.1022468081,0.2100304282,0.2115880606,0.7036257002,0.1457277055,0.1764002396,0.2029966152,0.6778949869,0.1455161371
llama2_7b,pruning,magnitude,none,0.4,unstructured,3.765383148,0.2387283612,0.3123947989,0.5987866929,0.3320796235,0.1135824175,0.1041400011,0.6036026269,0.03138147292,0.08862004662,0.09261671662,0.5930727394,0.04359207725,0.3209497734,0.3239534464,0.5710640324,0.3130053605,0.2550064181,0.419302505,0.5607753665,0.4378492245,0.2092144522,0.2092137862,0.6194300968,0.1411012561,0.06932540266,0.07032507033,0.5758609092,0.0403728352,0.2087322529,0.2109637747,0.5913910345,0.162250552,0.1738341297,0.1743336305,0.5620046335,0.15461848,0.2053140622,0.2068716946,0.5943135448,0.1460132265,0.1883307316,0.2124115424,0.5870301677,0.1802264109
llama2_7b,pruning,magnitude,none,0.5,unstructured,3.13781929,0.3420608296,0.4057686355,0.3761919784,0.6687782973,0.2250126603,0.2043320161,0.451778078,0.2097685853,0.1189247419,0.1269167499,0.5040046713,0.0991271082,0.3559948445,0.3589985176,0.4075577583,0.4409850352,0.3195528529,0.3742879617,0.4173215701,0.5640192848,0.2658737929,0.2658731269,0.4513329997,0.2548261316,0.106305773,0.1073054406,0.4831608165,0.08229921122,0.2282576016,0.2304891234,0.4955512171,0.2159041979,0.1906789912,0.191178492,0.468134056,0.2749406956,0.2644135333,0.2659711657,0.4975831103,0.2639876941,0.2417075621,0.2531121229,0.4552616256,0.3074636241
llama2_7b,pruning,magnitude,none,0.6,unstructured,2.510255432,0.4594860003,0.5098731149,0.2729015063,0.9949692135,0.3298776474,0.3471097032,0.3520832872,0.4040304217,0.4384019314,0.4390666001,0.3102285619,0.6445103563,0.4818151298,0.4848188028,0.3043744931,0.6654568222,0.5615869918,0.577290732,0.2810483028,0.8833513353,0.6578967699,0.6578961039,0.2374924925,1.238653417,0.6042302709,0.6052299386,0.2244405578,1.346740762,0.3459792459,0.3482107677,0.346407115,0.4447798384,0.4792130925,0.4797125934,0.2993844057,1.679270464,0.3211041078,0.3226617402,0.3471472657,0.4451780979,0.4679591188,0.4771870097,0.2975507988,0.8746940728
llama2_7b,pruning,magnitude,none,0.5,semistructured:24,3.13781929,0.1183464525,0.1186767808,0.4915098472,0.1098054648,0.09553065229,0.08692847171,0.4732754352,0.0547484019,0.1948831169,0.1848884449,0.4556419753,0.1319780969,0.1594789078,0.1624825808,0.4335600747,0.1437870191,0.2571679243,0.272018083,0.4117486303,0.2952551123,0.2088877789,0.2088871129,0.4439796463,0.155871812,0.02699036032,0.02799002799,0.4938368272,0.02089193743,0.07980258035,0.08203410213,0.4988729499,0.06265809342,0.1423756049,0.1428751057,0.4682842321,0.1171050142,0.1283126856,0.129870318,0.4508321998,0.120025001,0.1411776064,0.1416651028,0.4621541818,0.1212125953
llama2_7b,pruning,magnitude,none,0.5,semistructured:48,3.13781929,0.133741192,0.1727369111,0.5188431945,0.08618542916,0.09295835113,0.07922478475,0.4909705903,0.07985843295,0.1785794206,0.1845747586,0.480333667,0.1300160436,0.06239110721,0.06539478022,0.5181495271,0.06713774463,0.2273136383,0.2701375023,0.4491913603,0.3088280581,0.2089333999,0.2089327339,0.470677344,0.1636793179,0.01632901633,0.017328684,0.5108391775,0.007436354407,0.1227934545,0.1250249762,0.5330909468,0.09749878727,0.06733137566,0.0678308765,0.5161139341,0.04942643083,0.08705353909,0.08861117148,0.4999963436,0.06451929548,0.1197424495,0.1279797179,0.4988206085,0.1054585894
llama2_7b,pruning,sparsegpt,none,0.1,unstructured,5.648074722,0.1870545313,0.2940177284,0.7904150278,0.1369443749,0.07315502406,0.08267950299,0.6656940178,-0.004832256332,0.1422703963,0.1449330669,0.6717977978,0.05595494947,0.320322868,0.323326541,0.761908621,0.1508132432,0.2180717268,0.3186863055,0.6587098348,0.2080897397,0.1292800533,0.1292793873,0.8565979313,0.04848083513,0.03600670267,0.03700637034,0.9122675789,0.001000334334,0.1339594666,0.1361909884,0.8105593753,0.03981465098,0.1652001197,0.1656996205,0.7097435914,0.05702991997,0.2279975368,0.2295551692,0.7285441622,0.1085554233,0.1633318425,0.1861374681,0.7566237938,0.08018512146
llama2_7b,pruning,sparsegpt,none,0.2,unstructured,5.020510864,0.1733708216,0.2850140414,0.7807486868,0.139576769,0.06712907742,0.07407729667,0.6678596125,-0.01625552296,0.1192793873,0.1172807193,0.6634567901,0.03289592727,0.2916057728,0.2946094458,0.7545669746,0.1357379842,0.2184936554,0.3055514137,0.65102411,0.1879698338,0.1206170496,0.1206163836,0.8369119119,0.0373902617,0.03100769767,0.03200736534,0.8972545639,0.001000334334,0.1267009518,0.1289324736,0.8077573117,0.03798317174,0.1560292809,0.1565287817,0.6915564082,0.05307201221,0.2287835978,0.2303412302,0.7246317991,0.1065031481,0.1533017292,0.1744959151,0.7475768169,0.07158739194
llama2_7b,pruning,sparsegpt,none,0.3,unstructured,4.392947006,0.1683574615,0.2933453887,0.7784120148,0.134013861,0.05938103359,0.08953405447,0.6751886871,0.004331158039,0.1056133866,0.1222620713,0.6764698031,0.04079193053,0.279249391,0.282253064,0.7745430099,0.1384253695,0.2082992981,0.3267580539,0.6582846647,0.2254286664,0.1252810523,0.1252803863,0.8489149149,0.03384878801,0.02867002867,0.02966969634,0.9179385846,0.001000334334,0.1216748925,0.1239064143,0.8156013921,0.04336557053,0.1346927697,0.1351922705,0.6922240772,0.04852123049,0.2162935594,0.2178511918,0.7355937285,0.1096237045,0.1447512873,0.1746052592,0.7573170877,0.07793506132
llama2_7b,pruning,sparsegpt,none,0.4,unstructured,3.765383148,0.1543604305,0.294658333,0.7697340434,0.193264701,0.05895091748,0.09424862651,0.6864065838,0.01136464524,0.1146093906,0.1265907426,0.7018254922,0.03473007027,0.2622236766,0.2652273496,0.7955283718,0.1119816446,0.196821327,0.3484141751,0.6684920127,0.2460055183,0.1592680653,0.1592673993,0.7975658992,0.05806906383,0.02633902634,0.02733869401,0.8882708883,0.001000334334,0.1110672276,0.1132987494,0.8139094021,0.02943847593,0.1398697757,0.1403692765,0.6720497229,0.05500024051,0.2023074694,0.2038651018,0.7230997616,0.08540348101,0.1425817306,0.1773278448,0.7516882178,0.0826258175
llama2_7b,pruning,sparsegpt,none,0.5,unstructured,3.13781929,0.1563374234,0.3413888209,0.7733863624,0.1760551993,0.07057881158,0.1041317172,0.6790540316,0.03625894693,0.09862037962,0.1079450549,0.7241688355,0.03181103652,0.2365366536,0.2395403266,0.7595659676,0.1114040029,0.2074295093,0.3479484869,0.6118741671,0.301424299,0.1945720946,0.1945714286,0.7301895229,0.08737530659,0.03899437233,0.03999403999,0.8435841769,0.01097594568,0.1255739866,0.1278055084,0.7830744419,0.04640822169,0.1437071184,0.1442066192,0.6858990616,0.06001748143,0.1758566978,0.1774143302,0.7324309303,0.08977468366,0.1448207047,0.1824946333,0.7323227498,0.09515051238
llama2_7b,pruning,sparsegpt,none,0.6,unstructured,2.510255432,0.103994006,0.2110345993,0.7354166022,0.1068407685,0.04775811499,0.1501360561,0.6574823244,0.05682736541,0.1226043956,0.1319244089,0.6874788121,0.02929346544,0.2134708603,0.2164745333,0.6626461556,0.1014460083,0.2065953764,0.314824119,0.5777854356,0.2898703922,0.1712644023,0.1712637363,0.6724858192,0.07116631456,0.01799335133,0.01899301899,0.7772177772,0.002005355419,0.06750960301,0.0697411248,0.7656886324,0.02252296828,0.1483659312,0.148865432,0.6553740405,0.0541846437,0.1011084547,0.1026660871,0.6793873313,0.05477124183,0.1200664496,0.1535923116,0.687096293,0.07889285237
llama2_7b,pruning,sparsegpt,none,0.5,semistructured:24,3.13781929,0.1620478373,0.2063836177,0.6497791224,0.1090770754,0.06540864731,0.09038706695,0.6143238976,0.06390788752,0.1126240426,0.1239467199,0.5827400734,0.05112229901,0.2235102664,0.2265139395,0.6479981369,0.1222266111,0.2116876929,0.2952987103,0.5633361859,0.3038301436,0.1686083916,0.1686077256,0.6548121455,0.0797166348,0.02932469599,0.03032436366,0.6505389839,0.01302732596,0.06695685787,0.06918837965,0.7326118326,0.01653418924,0.1433922836,0.1438917844,0.560852465,0.09332932543,0.1501774976,0.15173513,0.5842803446,0.1096112345,0.1333738213,0.1506277438,0.6241273188,0.09623827266
llama2_7b,pruning,sparsegpt,none,0.5,semistructured:48,3.13781929,0.1560124732,0.2557170251,0.7273886062,0.1713599994,0.08047684165,0.1398118255,0.6544771964,0.05004628896,0.1072773893,0.1146020646,0.6804694695,0.03055488525,0.2392046589,0.2422083319,0.7302599131,0.08995617085,0.2172116623,0.3195074726,0.5841956501,0.2812645831,0.1752570763,0.1752564103,0.7241735068,0.06447070272,0.02401135734,0.02501102501,0.7385864053,0.001000334334,0.1116041,0.1138356218,0.76176895,0.03536261341,0.1343839429,0.1348834437,0.63720885,0.07168534399,0.1400854887,0.1416431211,0.6326620157,0.07970864752,0.138552499,0.1662476342,0.6871190563,0.08754095695
llama2_7b,pruning,wanda,none,0.1,unstructured,5.648074722,0.190721202,0.2970157144,0.7857420295,0.1471758241,0.07143458966,0.0766734927,0.6682796686,-0.01356141955,0.1422693973,0.1462667333,0.6794708041,0.05592940903,0.3159811843,0.3189848573,0.7579072916,0.1495366824,0.2184952761,0.3241892055,0.6557287448,0.2212704026,0.1369400599,0.1369393939,0.8609315983,0.04523205139,0.038002038,0.03900170567,0.9142689143,0.001000334334,0.1333983182,0.13562984,0.8116798234,0.04100654017,0.1660336199,0.1665331207,0.7037420849,0.05715774366,0.2225566906,0.224114323,0.7269865298,0.1155134456,0.1635832376,0.1865348386,0.7564737489,0.08202610137
llama2_7b,pruning,wanda,none,0.2,unstructured,5.020510864,0.1756978179,0.3019956964,0.7847400354,0.1464084813,0.06583763916,0.08994035296,0.6674239395,-0.01230883072,0.1132797203,0.1159430569,0.6651281281,0.03896717469,0.2732480657,0.2762517387,0.7545653063,0.1392175523,0.2108438356,0.3267353638,0.6493315956,0.2186508731,0.1166180486,0.1166173826,0.8335805806,0.04010956095,0.03133803134,0.032337699,0.9009249009,0.001000334334,0.1205600653,0.1227915871,0.8139216629,0.03916212899,0.1523616135,0.1528611144,0.6967342487,0.05704457362,0.2069803666,0.208537999,0.7379228643,0.103817955,0.1466765204,0.1744011991,0.7504273262,0.07720698035
llama2_7b,pruning,wanda,none,0.3,unstructured,4.392947006,0.1880545213,0.3223637578,0.7764087141,0.1856986153,0.06670341116,0.05732524079,0.6829584967,-0.0007956225235,0.1256087246,0.1449227439,0.6911494828,0.05179545077,0.27858172,0.281585393,0.7632200002,0.1558008557,0.209990254,0.3360761395,0.6523306506,0.2525338542,0.1289490509,0.1289483849,0.8242369036,0.04114279005,0.03233436567,0.03333403333,0.9136115803,0.001668336339,0.1205563305,0.1227878523,0.8038319705,0.03911221059,0.1441921047,0.1446916055,0.6820620649,0.0597027989,0.207733826,0.2092914584,0.7231070744,0.1192891294,0.1502704309,0.178132661,0.7512916938,0.09059484187
llama2_7b,pruning,wanda,none,0.4,unstructured,3.765383148,0.1623714615,0.2960247034,0.7750670491,0.1632817427,0.06498630664,0.08223386177,0.6820720126,0.04892502225,0.1026170496,0.1205937396,0.7128241575,0.02366826938,0.2225159535,0.2255196265,0.7765413509,0.1208854762,0.1925680056,0.3313733371,0.6582928306,0.2391017507,0.1096257076,0.1096250416,0.8279075742,0.03536200399,0.02234302234,0.02334269001,0.9052819053,0.001668335002,0.1004623638,0.1026938856,0.8088654991,0.03478605706,0.1173665929,0.1178660937,0.6892204036,0.04907256495,0.1571614866,0.158719119,0.7121743963,0.1013658587,0.125201795,0.1567992098,0.7548247179,0.08181170809
llama2_7b,pruning,wanda,none,0.5,unstructured,3.13781929,0.137998036,0.2756513019,0.7767263831,0.1451085022,0.05937437813,0.1212778506,0.6605036785,0.05377146689,0.1156113886,0.1429147519,0.6954758091,0.06340257374,0.2165096205,0.2195132935,0.7259199337,0.1163652242,0.1942719273,0.2965515304,0.6263609797,0.2694419454,0.1562710623,0.1562703963,0.7441958625,0.07440248907,0.025336692,0.02633635967,0.8372578373,0.001334670005,0.09208435339,0.09431587518,0.7757943581,0.04345826864,0.119367762,0.1198672629,0.6618835454,0.04412814512,0.1244910527,0.1260486851,0.7270011554,0.06978220954,0.1241316273,0.1578747307,0.7231119543,0.08811954949
llama2_7b,pruning,wanda,none,0.6,unstructured,2.510255432,0.1643551045,0.2673963278,0.6327468606,0.1684734786,0.08392991856,0.1440818935,0.5949474475,0.09168455019,0.1172717283,0.1332570763,0.5837337337,0.08775685823,0.2161625721,0.2191662451,0.5600863209,0.1360583515,0.1972448763,0.2808332037,0.5369462446,0.2798421693,0.1925944056,0.1925937396,0.6147704371,0.0926876736,0.03033636367,0.03133603134,0.6065322732,0.002003342694,0.07980164666,0.08203316844,0.6782512332,0.04259002656,0.1528439268,0.1533434277,0.555658807,0.0787614139,0.1415851626,0.143142795,0.5562027408,0.08129774953,0.1376125705,0.1647183908,0.5919876099,0.1061155614
llama2_7b,pruning,wanda,none,0.5,semistructured:24,3.13781929,0.1647031579,0.2037302831,0.5681346936,0.1081865829,0.08522914083,0.1351239268,0.5556744654,0.1040376178,0.1332757243,0.1426003996,0.549047047,0.05248776162,0.2308442698,0.2338479428,0.5470946392,0.1352101258,0.1968261892,0.2532328052,0.5377835193,0.2662134552,0.1479497169,0.1479490509,0.5580617284,0.07042693186,0.030667364,0.03166703167,0.5771989105,0.004359860462,0.07757946178,0.07981098357,0.6681596544,0.03307123485,0.1358796019,0.1363791027,0.5328229475,0.07129618794,0.1673839021,0.1689415344,0.4930930338,0.1555673569,0.1370338529,0.1533283061,0.5587070639,0.1000857115
llama2_7b,pruning,wanda,none,0.5,semistructured:48,3.13781929,0.2030752354,0.3534418961,0.6831015407,0.2050881385,0.09940883119,0.1364169936,0.6160616451,0.06856131128,0.1589227439,0.1795694306,0.6090930931,0.07458473089,0.2238449518,0.2268486248,0.6712975348,0.1282491584,0.2197659242,0.300809714,0.6025106265,0.2820288515,0.2132630703,0.2132624043,0.6441274608,0.1109486717,0.024999025,0.02599869267,0.6765196765,0.001668336339,0.1138486935,0.1160802153,0.7270209094,0.05036142979,0.1558807884,0.1563802892,0.6193656802,0.0741258711,0.1478627835,0.1494204159,0.621776871,0.1044551601,0.1560872047,0.1858228676,0.6470875038,0.110007166
tulu2_7b,quantization,awq,4,0,unstructured,6.27563858,0.08633577445,0.2333203637,0.676420818,0.1306245924,0.02363380206,0.04170167381,0.5910407582,0.04158923861,0.3414628705,0.3547768898,0.5153590257,0.3937477493,0.1034572221,0.1064608951,0.7635633003,0.04567451178,0.1062325502,0.2271904632,0.6488345658,0.1394839301,0.1509057609,0.1509050949,0.7375008342,0.07999469883,0.05799939133,0.058999059,0.7282400616,0.03708096365,0.1361564418,0.1383879636,0.7253515548,0.07938140308,0.09195838163,0.09245788246,0.6261718637,0.0763001792,0.1236325436,0.125190176,0.6216927735,0.07422626521,0.1221774739,0.1529390462,0.6634175556,0.1098103532
tulu2_7b,quantization,gptq,4,0,unstructured,6.27563858,0.09201313116,0.2183296857,0.6677664711,0.1309698392,0.02148879991,0.02837162744,0.5832687244,0.03934434945,0.4243996004,0.4350516151,0.4436516517,0.5612062258,0.09277553238,0.09577920539,0.7382505931,0.03272249869,0.09688853305,0.2102063506,0.6475508898,0.1501770826,0.1482440892,0.1482434232,0.6914688021,0.07343627624,0.04865738199,0.04965704966,0.7079037079,0.03162392207,0.1171847719,0.1194162937,0.672094427,0.07501278139,0.09445588412,0.09495538496,0.6081520108,0.07485288149,0.1205353909,0.1220930233,0.5920685066,0.06447016775,0.1256643115,0.1522103659,0.6352175784,0.1233816025
tulu2_13b,none,none,none,0,unstructured,12.12196827,0.1267001909,0.3603708649,0.7757526509,0.1112466914,0.0713775119,0.124708704,0.6868098738,0.0222599626,0.2045840826,0.2665254745,0.8229145812,0.1197518898,0.2873392397,0.2903429127,0.8658247282,0.09083761937,0.128339773,0.3673977215,0.751815547,0.0956025373,0.3348081918,0.3348075258,0.8489139139,0.1307343536,0.090671424,0.09167109167,0.8826318826,0.03092525688,0.2868429849,0.2890745067,0.8290741212,0.09921447507,0.1292809128,0.1297804136,0.8307498602,0.04479832386,0.4029232775,0.4044809099,0.7972299007,0.09570384587,0.2062867589,0.2659160125,0.809171706,0.08410749557
tulu2_13b,quantization,awq,4,0,unstructured,12.12196827,0.1320178392,0.3636704912,0.8004106821,0.1138447206,0.06836840484,0.130307313,0.6924230158,0.02778274871,0.2205747586,0.2805208125,0.8002405739,0.1335668551,0.2873368987,0.2903405717,0.8648190745,0.08357127528,0.110506941,0.3716380771,0.7730740504,0.1152947403,0.3234825175,0.3234818515,0.8592485819,0.1407208447,0.09567576234,0.09667543001,0.843618177,0.03654497816,0.2667620899,0.2689936117,0.8514896868,0.08510591071,0.1272774173,0.1277769181,0.8534307128,0.04150067087,0.3834854742,0.3850431066,0.8299913709,0.09484790146,0.2015488104,0.2638448183,0.8168745926,0.0872780646
tulu2_13b,quantization,bitsandbytes,8,0,unstructured,12.12196827,0.1280281842,0.362379543,0.7810929752,0.1298854712,0.07739791876,0.1161142946,0.6898261835,0.01966980294,0.2099127539,0.2705214785,0.8239169169,0.1209188688,0.2776642267,0.2806678997,0.8638263912,0.08668225177,0.1287665638,0.3644361175,0.7373303675,0.093149067,0.3311421911,0.3311415251,0.8465752419,0.1320726788,0.08734008734,0.08833975501,0.8866218866,0.02981383519,0.2751251613,0.2773566831,0.8240283319,0.09893649349,0.1317812471,0.1322807479,0.8294193608,0.03956672452,0.4052633485,0.4068209809,0.8011203253,0.09013942722,0.2052421683,0.2630059025,0.8083757981,0.0840834621
tulu2_13b,pruning,gblm,none,0.2,unstructured,9.697574615,0.1257021909,0.3627188843,0.7794036771,0.122621262,0.06749933301,0.134608414,0.6876784517,0.02571618013,0.2072467532,0.2745168165,0.8042315649,0.1366262858,0.2786648934,0.2816685664,0.8535033749,0.08959655026,0.1321646829,0.3737671689,0.7552185407,0.09806296492,0.3301451881,0.3301445221,0.8462399066,0.1320318603,0.08901042234,0.09001009001,0.8869535536,0.02868187483,0.2740103341,0.2762418559,0.8223467165,0.0993114893,0.1319444156,0.1324439164,0.8257488552,0.04751796597,0.4037020937,0.4052597261,0.7792842204,0.1036253947,0.2040090307,0.2661379961,0.8040608862,0.08837918282
tulu2_13b,pruning,gblm,none,0.3,unstructured,8.485377789,0.1026758078,0.3510385566,0.7950683658,0.09330621229,0.04730086426,0.1032071961,0.6661051164,0.03050958213,0.2238987679,0.2891721612,0.8145702369,0.103402222,0.2145967898,0.2176004629,0.8258600043,0.07546494462,0.1121849312,0.3495259921,0.7449932278,0.1012708381,0.2834955045,0.2834948385,0.8522479146,0.1012136012,0.07934274601,0.08034241368,0.888629222,0.01769232123,0.2405207009,0.2427522227,0.8324298069,0.08119124091,0.1194490739,0.1199485748,0.8154163461,0.04223506114,0.3585995798,0.3601572122,0.7628961725,0.09578391654,0.1782064766,0.2397239631,0.7998216413,0.07420699401
tulu2_13b,pruning,gblm,none,0.1,unstructured,10.90977144,0.1223651826,0.3513631679,0.7840766735,0.1107803964,0.07008607793,0.127733879,0.6881046492,0.03194800598,0.2069187479,0.2681948052,0.8259165832,0.113669507,0.2773305583,0.2803342314,0.8704883998,0.08583467468,0.1262171641,0.365278354,0.7513854774,0.09105879513,0.3344745255,0.3344738595,0.8489122456,0.1293911205,0.08867208867,0.08967175634,0.8832892166,0.02838665661,0.2818225277,0.2840540495,0.8307519641,0.09523925276,0.1292794149,0.1297789158,0.8367517001,0.0442726975,0.4099217561,0.4114793885,0.7964583973,0.09999783651,0.2047088044,0.2642362407,0.8116135307,0.08305789431
tulu2_13b,pruning,gblm,none,0.4,unstructured,7.273180962,0.0680040881,0.2763353947,0.7637629526,0.07254670248,0.03223764113,0.08815171832,0.6324251631,0.05141625173,0.2905291375,0.3491411921,0.7488678679,0.1911064977,0.1498610193,0.1528646923,0.8055519703,0.06865150191,0.09135808072,0.2998167501,0.7134783811,0.0988365128,0.2631748252,0.2631741592,0.8242242242,0.1090826007,0.07666941,0.07766907767,0.8702762036,0.01354760855,0.1646368222,0.1668683439,0.7730007828,0.07553008603,0.1204499038,0.1209494046,0.7830734939,0.0607679992,0.205393755,0.2069513874,0.6505638191,0.08096053973,0.1462314683,0.200192212,0.7565224859,0.08224463009
tulu2_13b,pruning,gblm,none,0.5,unstructured,6.060984135,0.03799571504,0.207677655,0.7251005477,0.08394931299,0.01116897199,0.05420196533,0.6074338909,0.05309264379,0.2945214785,0.3418148518,0.6798084751,0.2407360947,0.08677452335,0.08977819637,0.7206198579,0.04247971882,0.05525428087,0.1915410065,0.6526006689,0.1136279796,0.1788804529,0.1788797869,0.7064781448,0.101994322,0.05267605268,0.05367572034,0.7648994316,0.01880083382,0.09765195356,0.09988347535,0.6760282564,0.06353064279,0.09628905596,0.09678855679,0.7384142914,0.05692657602,0.1190429617,0.1206005941,0.5842913138,0.08171505499,0.1030255447,0.1434841808,0.6855674879,0.08568531795
tulu2_13b,pruning,gblm,none,0.6,unstructured,4.848787308,0.04866972773,0.1443455696,0.6511134248,0.1019358533,0.003871532019,0.0228040558,0.5478884686,0.03164397845,0.3647898768,0.3807745588,0.497348682,0.4570088083,0.05040012156,0.05340379458,0.6090663402,0.0339785263,0.061625349,0.1758129554,0.6334794481,0.1186610127,0.1365817516,0.1365810856,0.6017404071,0.09333298713,0.05198605199,0.05298571965,0.6498469832,0.02233993462,0.07088022797,0.07311174976,0.5650303219,0.05028806985,0.09229021346,0.09278971429,0.579818825,0.08909292484,0.08716221111,0.08871984351,0.5328090036,0.0560430354,0.09682570632,0.1221329047,0.5868141904,0.1054325131
tulu2_13b,pruning,gblm,none,0.5,semistructured:24,6.060984135,0.08266809276,0.1336885419,0.6147860435,0.1129665109,0.01418859005,0.04601328582,0.5362365529,0.03493717964,0.5113586414,0.5213513154,0.3696042709,0.8732806083,0.08977218568,0.09277585869,0.5860939606,0.06523920039,0.07946790533,0.1851683176,0.6121964471,0.1458112121,0.2405241425,0.2405234765,0.543042042,0.1918821533,0.08565708566,0.08665675332,0.5895145895,0.05937974078,0.1450899985,0.1473215203,0.5257920003,0.1059180834,0.1472532534,0.1477527543,0.5477954693,0.1585518974,0.1229587771,0.1245164095,0.5070532228,0.08948675206,0.1518938672,0.1725768233,0.5432114599,0.1837453338
tulu2_13b,pruning,gblm,none,0.5,semistructured:48,6.060984135,0.0563334034,0.1940566795,0.7217279395,0.1382686762,0.02751197237,0.06965372617,0.5966449731,0.06571937381,0.2305567766,0.2458734599,0.6554647981,0.2196760067,0.09111921875,0.09412289176,0.7092768908,0.06421737889,0.09773239029,0.2586433239,0.6922345763,0.1565934596,0.1965467865,0.1965461205,0.6471094428,0.125170303,0.06998873666,0.07098840432,0.7181840515,0.03491034333,0.1127273304,0.1149588522,0.6883795943,0.0680649501,0.09979688413,0.100296385,0.7219032704,0.06318591768,0.1322683475,0.1338259799,0.5570108084,0.1070309936,0.1114581847,0.1478965823,0.6707936345,0.1042837403
tulu2_13b,quantization,gptq,4,0,unstructured,12.12196827,0.1150198352,0.3139984144,0.8143957131,0.1254899698,0.06147613051,0.1122133751,0.6764655822,0.02984074695,0.2172570763,0.2765331335,0.8159182516,0.1360715793,0.2613035179,0.264307191,0.8844700968,0.07610111066,0.1258000977,0.382686016,0.767136368,0.09128987097,0.3101611722,0.3101605062,0.8819252586,0.104642484,0.084671418,0.08567108567,0.8806385473,0.02025426243,0.2734566553,0.275688177,0.8470022352,0.08841323041,0.1254485778,0.1259480786,0.8622773911,0.0416352279,0.3616496414,0.3632072738,0.7918001258,0.1014813796,0.1936244122,0.2510413251,0.822202957,0.08152198619
tulu2_13b,pruning,magnitude,none,0.6,unstructured,4.848787308,0.08233809344,0.1173264624,0.551477935,0.08993297784,0.01332338662,0.02106755775,0.5008641229,0.02435667733,0.4014142524,0.3994142524,0.3619185853,0.5803099094,0.1204615517,0.1234652247,0.4838581239,0.08804051096,0.08372446819,0.09772752811,0.4951293257,0.06031265702,0.1775830836,0.1775824176,0.461991992,0.1338075025,0.07697907698,0.07797874465,0.5024888358,0.05462274992,0.09039717353,0.09262869532,0.5005649398,0.061993846,0.09362354879,0.09412304962,0.4864185848,0.09707609523,0.07080344853,0.07236108092,0.4781712079,0.06047194074,0.1210648084,0.1273675014,0.4822883653,0.1250924867
tulu2_13b,pruning,magnitude,none,0.4,unstructured,7.273180962,0.09399144409,0.2829413652,0.8317170664,0.142238327,0.04429231718,0.1053565965,0.6820429854,0.0446762133,0.1362727273,0.1788901099,0.7995478812,0.08913096103,0.2155633864,0.2185670594,0.777562954,0.1119146123,0.1193885114,0.3032715945,0.7186343167,0.1118124512,0.2408604729,0.2408598069,0.8815915916,0.08583873045,0.06532406532,0.06632373299,0.953634287,0.008750262401,0.1333413631,0.1355728849,0.8256618472,0.0456502788,0.1017932341,0.102292735,0.8210921896,0.03273705418,0.2513294211,0.2528870535,0.7215640677,0.1096272012,0.1402156943,0.1886962939,0.8013049187,0.07823760919
tulu2_13b,pruning,magnitude,none,0.5,unstructured,6.060984135,0.06866241974,0.227671659,0.6671048174,0.1192297895,0.01545786919,0.02663404375,0.5651501792,0.03821746076,0.3211501832,0.3411282051,0.5640660661,0.3260493827,0.172530013,0.175533686,0.6187260118,0.08559787287,0.08709989714,0.1469564954,0.5891768359,0.1383294905,0.2515281385,0.2515274725,0.6491084418,0.1373472287,0.05697505698,0.05797472464,0.7105503772,0.02868332679,0.1188327367,0.1210642585,0.6188514463,0.07716524719,0.1034515551,0.103951056,0.6588650649,0.06391318174,0.1757987394,0.1773563718,0.539046846,0.09741743931,0.1371486609,0.1629797973,0.6180646087,0.111195042
tulu2_13b,pruning,magnitude,none,0.5,semistructured:24,6.060984135,0.08734377446,0.1376982109,0.6244467342,0.07824358394,0.006023732445,0.04728533485,0.5466104506,0.0450736787,0.4077529138,0.4090829171,0.4926720053,0.5491866665,0.1077962264,0.1107998994,0.6040693332,0.06712641381,0.075225929,0.2012923657,0.591356581,0.1455364953,0.1975504496,0.1975497835,0.6264307641,0.1070954373,0.06266072933,0.06366039699,0.6635246635,0.04095174066,0.1450927996,0.1473243213,0.5807260278,0.07252882336,0.1142813919,0.1147808928,0.5674716468,0.08525730596,0.0996268927,0.1011845251,0.532044813,0.06689700055,0.1303354839,0.1530658648,0.582935302,0.1257897146
tulu2_13b,pruning,magnitude,none,0.5,semistructured:48,6.060984135,0.06131872336,0.1323151364,0.6547734461,0.09943583106,0.009030069615,0.03654703895,0.5854131047,0.05592406696,0.3191445221,0.3091471861,0.6417737738,0.2403870533,0.07409516999,0.077098843,0.6377023841,0.05778319531,0.08329281522,0.1737292439,0.6088081519,0.1617127912,0.2015481185,0.2015474525,0.7088238238,0.09210423244,0.04765371432,0.04865338199,0.8195508196,0.01540905783,0.1099299918,0.1121615136,0.664253176,0.05656198788,0.1319392448,0.1324387456,0.6389957075,0.09013923983,0.1291458379,0.1307034703,0.5531240402,0.1004686802,0.1167098208,0.1354342012,0.6513218428,0.0969926136
tulu2_13b,pruning,magnitude,none,0.2,unstructured,9.697574615,0.1096798178,0.3306878372,0.7884289859,0.1139015772,0.05460218122,0.115672009,0.6816296366,0.03756349091,0.2345747586,0.3045101565,0.7772265599,0.1743497249,0.2336128172,0.2366164902,0.8498413682,0.07770219082,0.1134734072,0.3457448418,0.7573329588,0.08023223348,0.2838331668,0.2838325008,0.8489109109,0.1012936564,0.08233508234,0.08333475,0.8512425179,0.02724157816,0.2539070305,0.2561385523,0.8290628036,0.07893489805,0.1377662538,0.1382657546,0.8120928473,0.0466553435,0.3749800768,0.3765377092,0.776958741,0.1113590521,0.1878764592,0.2471340602,0.797272733,0.08492337455
tulu2_13b,pruning,magnitude,none,0.3,unstructured,8.485377789,0.09833712847,0.3193397998,0.7993997031,0.145538248,0.04257243848,0.1036444718,0.6781737236,0.04183027923,0.2219034299,0.2765161505,0.8082262262,0.135662532,0.2269281218,0.2299317949,0.814202655,0.1029374316,0.09817700905,0.3015401205,0.7305488777,0.08373537093,0.2501828172,0.2501821512,0.8652529196,0.1009399872,0.06933740267,0.07033707034,0.9156169156,0.01630635472,0.1802397345,0.1824712563,0.8178413453,0.07456956485,0.1359349174,0.1364344183,0.8149078586,0.06267449723,0.3150872999,0.3166449323,0.7792915332,0.1144097045,0.1638700299,0.2187042166,0.8023461758,0.08786039703
tulu2_13b,pruning,magnitude,none,0.1,unstructured,10.90977144,0.1170238352,0.3406958452,0.7757603112,0.1175545651,0.07093742762,0.1191184089,0.6868199239,0.02357460268,0.2229117549,0.2881838162,0.7952419086,0.1598486883,0.2629815346,0.2659852077,0.8515020469,0.09160464651,0.121548397,0.3555237533,0.7458403015,0.08344431992,0.3078218448,0.3078211788,0.8362429096,0.1181592521,0.090671424,0.09167109167,0.8656155323,0.02867129404,0.265634191,0.2678657128,0.8122541946,0.09608852408,0.1382770853,0.1387765861,0.8212511849,0.04210623926,0.3819242194,0.3834818518,0.7870906644,0.0891476372,0.1979731714,0.2559123453,0.7977618978,0.08501997693
tulu2_13b,pruning,sparsegpt,none,0.5,unstructured,6.060984135,0.06566173573,0.2760084044,0.7563919848,0.1344171354,0.03181307768,0.08600562195,0.6630558276,0.04332285117,0.3218381618,0.3598021978,0.6327864531,0.3501444155,0.1281415865,0.1311452595,0.7625859224,0.07718495277,0.1130336506,0.3112947212,0.6977634203,0.1611407708,0.2501851482,0.2501844822,0.7875408742,0.1561517241,0.05633238967,0.05733205733,0.7678591012,0.03181797765,0.145620335,0.1478518568,0.8346310915,0.05865345384,0.1192748991,0.1197743999,0.7332394476,0.06795441369,0.2146453669,0.2162029993,0.6786085151,0.09701382108,0.1446546351,0.1955602,0.7314462638,0.1177801516
tulu2_13b,pruning,sparsegpt,none,0.5,semistructured:48,6.060984135,0.07999909109,0.2470197124,0.6957581993,0.1374225487,0.01075437242,0.09416658111,0.6397905597,0.05009772669,0.3471441891,0.3817788878,0.6077724391,0.3785885343,0.1034388523,0.1064425254,0.7535855894,0.07259470668,0.08543325208,0.2769207747,0.6960725391,0.1744737656,0.2305371295,0.2305364635,0.7168358358,0.1865657882,0.05465472132,0.05565438899,0.7238903906,0.02933302882,0.1060140913,0.1082456131,0.7701864584,0.0487632277,0.08712105229,0.08762055312,0.7354012871,0.0550481434,0.1283090632,0.1298666956,0.6466916765,0.07994931229,0.1233405815,0.1718252196,0.6985984975,0.1212836782
tulu2_13b,pruning,sparsegpt,none,0.4,unstructured,7.273180962,0.1076788068,0.3420008095,0.8240743718,0.1375404277,0.03999955158,0.09932455872,0.6647874076,0.05603648781,0.2189117549,0.2708631369,0.7978962296,0.1510962009,0.2435987878,0.2466024608,0.8441786902,0.09763654452,0.1189908937,0.3690870567,0.7560754135,0.1095406617,0.2805048285,0.2805041625,0.8759195863,0.1156332687,0.070663404,0.07166307166,0.8569455236,0.02041969417,0.2036697796,0.2059013014,0.8553952221,0.06943372066,0.1294434056,0.1299429064,0.8181081909,0.04359899696,0.3531152648,0.3546728972,0.8260534129,0.08249504895,0.1766576477,0.2370562362,0.8119434048,0.0883431052
tulu2_13b,pruning,sparsegpt,none,0.5,semistructured:24,6.060984135,0.0840030891,0.2063750018,0.6431011131,0.1319737394,0.01634245756,0.05074445574,0.5750738403,0.04408666841,0.4557179487,0.4657072927,0.4119522856,0.7964619883,0.08411587539,0.08711954841,0.6477000637,0.06827863059,0.07225784215,0.1839009111,0.6266587621,0.136853213,0.1852311022,0.1852304362,0.6147534201,0.1400662036,0.06199939533,0.062999063,0.5938855939,0.04947090187,0.1238886741,0.1261201959,0.5465250073,0.1004460414,0.1572470916,0.1577465924,0.5577941533,0.2016024388,0.1174780845,0.1190357169,0.528936861,0.08717820381,0.1358281561,0.1644979214,0.57463811,0.1756418029
tulu2_13b,pruning,sparsegpt,none,0.1,unstructured,10.90977144,0.1236995269,0.3487041843,0.7544332796,0.103470985,0.05803860875,0.1139648597,0.6764616779,0.01654065129,0.2172434232,0.2765208125,0.8029045712,0.1525106012,0.268983536,0.271987209,0.8558227355,0.08495801271,0.120277749,0.349147823,0.7313665543,0.07865133771,0.3291465201,0.3291458541,0.8205635636,0.1412158128,0.08567108567,0.08667075334,0.843951844,0.03537791375,0.2672989623,0.2695304841,0.821783663,0.08536329859,0.1424407509,0.1429402518,0.8003975072,0.05532590178,0.3943635442,0.3959211766,0.7831783014,0.0913599591,0.2007163707,0.2584533408,0.7890863698,0.08447744739
tulu2_13b,pruning,sparsegpt,none,0.6,unstructured,4.848787308,0.07833708643,0.2293616877,0.6724381407,0.1046388923,0.01289383908,0.06796323491,0.6125956778,0.03350120578,0.4124052614,0.4283892774,0.5090106773,0.5641562367,0.1091128664,0.1121165394,0.7232921829,0.05067238395,0.09901276267,0.2811530266,0.6713767453,0.2127322471,0.2235474525,0.2235467865,0.6891371371,0.1578477726,0.04898238232,0.04998204998,0.6715320049,0.02917484691,0.1199643703,0.1221958921,0.7158013374,0.07042926366,0.1395840873,0.1400835881,0.6260268594,0.1136904934,0.1119973919,0.1135550243,0.608478493,0.05929805854,0.13558375,0.1768347107,0.6499689256,0.1396141401
tulu2_13b,pruning,sparsegpt,none,0.2,unstructured,9.697574615,0.1176981789,0.3287074902,0.7367702473,0.09935259854,0.0460072118,0.1045096795,0.6587570169,0.02302007293,0.2452287712,0.3005148185,0.7685455455,0.168719149,0.2372761325,0.2402798055,0.8315253336,0.0819471361,0.1139034394,0.3376585069,0.7122012377,0.07077180488,0.3164925075,0.3164918415,0.7938722055,0.1445106055,0.08333875001,0.08433841767,0.8129394796,0.03886093303,0.2483188891,0.2505504109,0.7786266022,0.08041383602,0.1504334216,0.1509329224,0.7447101339,0.08160632892,0.3788198218,0.3803774542,0.7643989587,0.08827668449,0.1937517124,0.2494361347,0.7602346761,0.08774791494
tulu2_13b,pruning,sparsegpt,none,0.3,unstructured,8.485377789,0.1090231652,0.3386885152,0.7770869912,0.1318011271,0.04902129436,0.1074916176,0.6794863662,0.02050338661,0.2265797536,0.2771958042,0.8002355689,0.1413362437,0.2622991656,0.2653028386,0.8431713715,0.1057709078,0.1130482371,0.3520770125,0.7513740451,0.09324219043,0.2925001665,0.2924995005,0.8562485819,0.1241903276,0.07301173968,0.07401140734,0.8416388416,0.03864869783,0.2243286294,0.2265601512,0.8251384055,0.07046823817,0.1409357496,0.1414352504,0.7969128436,0.06860190246,0.3399587046,0.341516337,0.8159653664,0.07896877792,0.1830706606,0.2416778435,0.7987258382,0.08735317997
tulu2_13b,pruning,wanda,none,0.1,unstructured,10.90977144,0.1200301782,0.3417015022,0.7550979423,0.1024530122,0.05202097178,0.1130896795,0.6721394157,0.0235078197,0.2189100899,0.2768568099,0.7975705706,0.1593069923,0.2679852056,0.2709888787,0.8534917305,0.08357127528,0.1164512184,0.3359675509,0.7228468212,0.07413839498,0.3221505162,0.3221498501,0.8165598932,0.1390673455,0.08367175034,0.084671418,0.842617176,0.0338608625,0.2561404197,0.2583719415,0.8032792915,0.08556746346,0.1417740846,0.1422735854,0.7972250051,0.05788734493,0.3811635152,0.3827211476,0.7777119623,0.08505105749,0.196029795,0.2528792364,0.7838539808,0.08444115684
tulu2_13b,pruning,wanda,none,0.2,unstructured,9.697574615,0.1257028609,0.3600522297,0.7554422746,0.1068071869,0.05546960314,0.1096743212,0.6660933733,0.01477059184,0.1999224109,0.2465411255,0.7928988989,0.1524414767,0.2693158656,0.2723195386,0.8398486829,0.08503988402,0.1198493374,0.3427443404,0.7219981142,0.06943989446,0.3174875125,0.3174868465,0.7988818819,0.1474568315,0.08167108167,0.08267074934,0.8446118446,0.03663623807,0.2455392907,0.2477708124,0.7763885352,0.07818013832,0.1497714243,0.1502709251,0.7925676664,0.06457069563,0.3632833442,0.3648409766,0.7386980241,0.09598418579,0.1928012731,0.2494371865,0.7727429296,0.08513271233
tulu2_13b,pruning,wanda,none,0.3,unstructured,8.485377789,0.1146844939,0.3590218706,0.7647589745,0.1225845837,0.03009984156,0.0894481278,0.6488400457,0.03650495216,0.2412347652,0.2951881452,0.7758818819,0.1625368563,0.1865567237,0.1895603967,0.8201963339,0.0728907585,0.1083989187,0.3228326591,0.726241649,0.08617037446,0.2665121545,0.2665114885,0.8138975642,0.1181017753,0.07367374034,0.07467340801,0.8215888216,0.02617546791,0.211509984,0.2137415057,0.7864376727,0.06958574822,0.1354374126,0.1359369134,0.7789089881,0.05140670505,0.3298304716,0.331388104,0.7441314554,0.08449938693,0.1697938506,0.2278302619,0.7680883387,0.08304566084
tulu2_13b,pruning,wanda,none,0.5,semistructured:24,6.060984135,0.1120061281,0.1616672219,0.6021266976,0.1325017,0.01849244379,0.03998234222,0.5349512662,0.0424190653,0.483041958,0.491034632,0.3799442776,0.8174390223,0.1284739101,0.1314775831,0.6027366765,0.0912010944,0.1130514785,0.2051399658,0.582846647,0.157749701,0.2811811522,0.2811804862,0.549716383,0.195692139,0.08866675533,0.089666423,0.5971955972,0.05567460032,0.1791361116,0.1813676334,0.5498948401,0.1115290459,0.1534170909,0.1539165917,0.524455783,0.1753062745,0.1431826415,0.1447402739,0.4930381876,0.1035093101,0.170064967,0.1880173153,0.5416906356,0.1883021953
tulu2_13b,pruning,wanda,none,0.4,unstructured,7.273180962,0.08598675406,0.3416588001,0.7311391991,0.1280572347,0.01676204551,0.06580768744,0.6255529976,0.04832553866,0.3798031968,0.4224312354,0.6247964631,0.4331208982,0.1071258928,0.1101295658,0.7762342893,0.05466026291,0.09179621658,0.2909173517,0.6853959253,0.09471948052,0.2351884782,0.2351878122,0.7772135469,0.1248775973,0.061001061,0.06200072867,0.7882547883,0.02092585515,0.1484307453,0.1506622671,0.7415933377,0.05529837162,0.1187787303,0.1192782311,0.7268972907,0.07065334901,0.2069187858,0.2084764182,0.6388852325,0.08956809991,0.1451791906,0.2006550098,0.7115963071,0.1120206688
tulu2_13b,pruning,wanda,none,0.5,semistructured:48,6.060984135,0.1119917851,0.2036476349,0.7497489485,0.1174481337,0.02797035166,0.1131040761,0.6341768649,0.08202549039,0.2392204462,0.2665258075,0.6668141475,0.2242625184,0.1861849893,0.1891886623,0.766886976,0.08246292076,0.1041326315,0.2828229132,0.7058775815,0.1922346891,0.2631738262,0.2631731602,0.7851981982,0.1123265979,0.05632638966,0.05732605733,0.7805764472,0.01812091297,0.1640635358,0.1662950576,0.8217648002,0.05794178891,0.08079205729,0.08129155812,0.7292486044,0.0402073616,0.160327465,0.1618850974,0.6559899375,0.0712997366,0.1394183478,0.1785260025,0.7296282506,0.09983301503
tulu2_13b,pruning,wanda,none,0.5,unstructured,6.060984135,0.08465142072,0.3076741321,0.7707503032,0.1597481459,0.0326893478,0.09463599276,0.6768979342,0.05283238729,0.2472207792,0.2951741592,0.6988338338,0.2439963224,0.1591656245,0.1621692976,0.8095356719,0.05765597512,0.08160023857,0.2407521458,0.695222199,0.1466088473,0.2511744922,0.2511738262,0.7858685352,0.1493600255,0.04867004867,0.04966971634,0.8699118699,0.01148854233,0.1104668642,0.112698386,0.7634996086,0.04543739986,0.08929105196,0.08979055279,0.7659314849,0.05232630812,0.1593639064,0.1609215388,0.6506808243,0.07027574242,0.1264293774,0.1764659748,0.7487132265,0.09897296963
tulu2_13b,pruning,wanda,none,0.6,unstructured,4.848787308,0.09533108041,0.2030423204,0.6654358131,0.1142396617,0.008601607716,0.04300805146,0.5647206172,0.04588197147,0.3384728605,0.3584582085,0.4806786787,0.4590191859,0.09210251333,0.09510618635,0.65202042,0.03913413589,0.0705393339,0.1787551107,0.6156402702,0.1687207742,0.2168837829,0.2168831169,0.6447907908,0.1166775141,0.05832639166,0.05932605933,0.6405336405,0.02620312114,0.1043511874,0.1065827092,0.6754557715,0.05137874793,0.08078771829,0.08128721912,0.5874953232,0.06431164057,0.1158806057,0.1174382381,0.5390578152,0.06359090985,0.1181277082,0.145988722,0.606582914,0.1149157663
tulu2_7b,quantization,awq,4,0,unstructured,6.27563858,0.08468311582,0.185685635,0.6737874242,0.1284058708,0.01805901068,0.05588083851,0.5724865182,0.0214920649,0.4793476523,0.4806769897,0.4166146146,0.7922224096,0.1488446489,0.1518483219,0.663010428,0.1180816349,0.1227995963,0.2701018463,0.6411815046,0.09769378906,0.2215294705,0.2215288045,0.6511124458,0.1709790148,0.08166508167,0.08266474933,0.737308404,0.04893651154,0.1690905288,0.1713220506,0.6194314763,0.1195409641,0.1404164186,0.1409159194,0.5983093371,0.1388017484,0.1572049554,0.1587625878,0.611542568,0.1138320462,0.1623640479,0.1919387743,0.6184784721,0.1749986054
tulu2_7b,quantization,bitsandbytes,8,0,unstructured,6.27563858,0.120717882,0.2610791747,0.7564082526,0.1195195985,0.06796656479,0.1273303933,0.6371937403,0.08289351019,0.2818354978,0.3018155178,0.6114310978,0.3585754889,0.2736044608,0.2766081339,0.7509401955,0.1757883915,0.1580449524,0.3537776928,0.7025039849,0.1104111082,0.2531814852,0.2531808192,0.7735131798,0.1521706225,0.08832708833,0.08932675599,0.9043209043,0.03463915987,0.2796078124,0.2818393342,0.7841901744,0.1175639032,0.1181189151,0.118618416,0.7510319524,0.05393015876,0.2287328842,0.2302905166,0.7356339491,0.1411471654,0.1870137543,0.2293866754,0.7407167431,0.1346639107
tulu2_7b,pruning,gblm,none,0.1,unstructured,5.648074722,0.1120408463,0.2424047829,0.7600709172,0.1221729999,0.05076444787,0.1144215977,0.6216496598,0.06848419549,0.3704329004,0.3817509158,0.5550447114,0.4672911188,0.217203361,0.220207034,0.720660773,0.1404256873,0.1457458142,0.318512888,0.6969833068,0.09943322141,0.2375198135,0.2375191475,0.7351541542,0.1582754972,0.08399275066,0.08499241833,0.8806605473,0.03424026873,0.2550480011,0.2572795228,0.7539154382,0.1109247692,0.1109539075,0.1114534083,0.7253564282,0.05858344508,0.194551909,0.1961095414,0.7051796762,0.1264976521,0.1778253751,0.2164651257,0.7154675612,0.1386328855
tulu2_7b,pruning,gblm,none,0.2,unstructured,5.020510864,0.1077055109,0.2440794416,0.7484022386,0.1248015595,0.03699265443,0.0937602955,0.6164822539,0.05844297277,0.3761068931,0.3840935731,0.5707320654,0.4630555753,0.203203367,0.20620704,0.6976607903,0.1345882393,0.1274667427,0.3172373778,0.6926744449,0.09355371161,0.2295231435,0.2295224775,0.7284801468,0.1528162369,0.07932541266,0.08032508033,0.8589755256,0.03063878862,0.221551832,0.2237833538,0.7471899197,0.09432346275,0.1121029064,0.1126024073,0.7048604102,0.07073795333,0.1828443092,0.1844019416,0.7075563453,0.123909831,0.1676822772,0.2076012989,0.7073014141,0.1346868331
tulu2_7b,pruning,gblm,none,0.3,unstructured,4.392947006,0.09168512383,0.2346983551,0.7111048234,0.1247723575,0.01977611949,0.05673995504,0.5897604986,0.03277043879,0.3927649018,0.3860942391,0.5330423757,0.470074052,0.1131125327,0.1161162057,0.6943337753,0.08061153678,0.08709989714,0.2276221162,0.655647086,0.0693194557,0.2032064602,0.2032057942,0.6340934268,0.1558897201,0.068669402,0.06966906967,0.7752811086,0.0418828297,0.142298262,0.1445297838,0.6608927746,0.08887702693,0.1139329051,0.1144324059,0.6688562237,0.08390478968,0.1245019199,0.1260595523,0.6170893481,0.1141434976,0.1357047524,0.1679167477,0.6540101441,0.1262245705
tulu2_7b,pruning,gblm,none,0.4,unstructured,3.765383148,0.08068512183,0.2770317265,0.6317930485,0.1513722677,0.02236341153,0.04556709748,0.5487743869,0.03506216553,0.553978022,0.5613053613,0.3966196196,0.894963664,0.07975281494,0.08275648795,0.6167203568,0.06790329404,0.05056120288,0.1825865035,0.59094121,0.06730360739,0.2218608059,0.2218601399,0.5794030697,0.1993119219,0.07798874466,0.07898841232,0.6682313349,0.04925242407,0.1328203634,0.1350518852,0.5740410642,0.09669884643,0.1640602744,0.1645597752,0.5416012934,0.1840543179,0.1190429617,0.1206005941,0.5289002969,0.1054118796,0.1503113723,0.1870307983,0.5677025681,0.1851334389
tulu2_7b,pruning,gblm,none,0.5,unstructured,3.13781929,0.05435442046,0.200683653,0.7130878943,0.09681648078,0.01204747776,0.03785839639,0.5819571918,0.03432852606,0.3467852148,0.3587765568,0.5710627294,0.300472814,0.1061272268,0.1091308998,0.6733181443,0.06667648427,0.07692660927,0.1817345426,0.6348186522,0.08310473289,0.1998837829,0.1998831169,0.6457864531,0.1411414525,0.051670385,0.05267005267,0.7139030472,0.01596075616,0.1216711577,0.1239026795,0.6553075102,0.06907196978,0.1077782338,0.1082777346,0.6146596795,0.07913401623,0.0996015359,0.1011591683,0.5671098241,0.07783645251,0.1176846044,0.1474076801,0.6371011126,0.09645436853
tulu2_7b,pruning,gblm,none,0.6,unstructured,2.510255432,0.04900872808,0.1300018512,0.6021280242,0.05569722358,0.003438654601,0.0172021255,0.5340860268,0.02460081356,0.3751245421,0.3824512155,0.4673383383,0.3979335479,0.09376984399,0.096773517,0.5321342244,0.04538487828,0.06503643389,0.1384433697,0.5423934298,0.09331983806,0.1502567433,0.1502560773,0.5166930264,0.1481984819,0.056335723,0.05733539067,0.5445288779,0.03197078364,0.06417445832,0.0664059801,0.5504512916,0.0409064499,0.0744638718,0.07496337263,0.533785449,0.05667388655,0.05604216475,0.05759979715,0.5218799819,0.03107245736,0.09876511638,0.1171432697,0.534541867,0.09257583607
tulu2_7b,pruning,gblm,none,0.5,semistructured:24,3.13781929,0.1059744431,0.1536161707,0.6204673636,0.09556992697,0.04518189822,0.1010660537,0.575520695,0.08431566928,0.2302394272,0.2162454212,0.5594047381,0.147084001,0.1828159181,0.1858195911,0.5491049343,0.07807743263,0.1526182265,0.2124229616,0.554762558,0.1515083315,0.1632604063,0.1632597403,0.5857477477,0.08943414563,0.03566770233,0.03666737,0.6038642705,0.008431101421,0.1473084486,0.1495399704,0.6132784427,0.08929345729,0.07515387182,0.07565337265,0.5562982938,0.0303912769,0.08792653771,0.08948417011,0.5304835242,0.06091882569,0.122614688,0.1383774822,0.5748932568,0.08350241683
tulu2_7b,pruning,gblm,none,0.5,semistructured:48,3.13781929,0.05334607343,0.1690225933,0.6554487681,0.1174457784,0.006877856315,0.02580483173,0.5517789534,0.04159020752,0.3134805195,0.3154771895,0.5627297297,0.2576878623,0.1264665694,0.1294702425,0.5993989982,0.08094910205,0.06502833026,0.1418431095,0.5641048673,0.09268874195,0.2048811189,0.2048804529,0.5970767434,0.1487699193,0.04367771034,0.04467737801,0.6472069805,0.01939572674,0.1049263411,0.1071578629,0.5751152986,0.07095649349,0.08196071729,0.08246021813,0.5582973025,0.05808404794,0.08716221111,0.08871984351,0.519532564,0.06681990345,0.1087807448,0.1309513722,0.5830690206,0.09543877831
tulu2_7b,quantization,gptq,4,0,unstructured,6.27563858,0.1076908449,0.2440434355,0.7491085617,0.1322628781,0.054203641,0.1152757087,0.633299334,0.07080521817,0.2708618049,0.2568651349,0.5784117451,0.3330476553,0.2075029539,0.2105066269,0.6736900658,0.1670730411,0.1568196847,0.3389534658,0.6969310451,0.1236855013,0.2165254745,0.2165248085,0.6911501502,0.1486418231,0.08167708168,0.08267674934,0.8896515563,0.03315781745,0.1802416019,0.1824731237,0.6850323968,0.112286991,0.09430405764,0.09480355847,0.7285349327,0.05333872866,0.2326631892,0.2342208216,0.6747765931,0.1585349538,0.1602490334,0.1976343433,0.7000586381,0.1332834608
tulu2_7b,pruning,magnitude,none,0.1,unstructured,5.648074722,0.1453939247,0.3010999328,0.8040769872,0.1461622136,0.08171672905,0.142762192,0.67000455,0.07863275403,0.2262091242,0.2335298035,0.7038258258,0.2142275393,0.308316206,0.311319879,0.7549192418,0.201550266,0.1809976532,0.3877783324,0.719919626,0.1590686757,0.2671684982,0.2671678322,0.8085382049,0.1422741085,0.1126707793,0.113670447,0.9139905807,0.04075645064,0.2907532833,0.2929848051,0.8099642551,0.1361129859,0.1151272455,0.1156267463,0.7795641462,0.05283564261,0.2536477577,0.2552053901,0.7410600676,0.1580947297,0.1982001201,0.2421145361,0.7705863485,0.1329715366
tulu2_7b,pruning,magnitude,none,0.2,unstructured,5.020510864,0.1253898907,0.2717458473,0.7777402912,0.1700212566,0.0632181855,0.1216929715,0.6553223443,0.0808297107,0.2152194472,0.2092201132,0.7215075075,0.1915095548,0.2856315026,0.2886351756,0.7299432038,0.1845683129,0.18396574,0.3652524224,0.7046020713,0.1532283301,0.2658354978,0.2658348318,0.7715091758,0.1623811035,0.1166621167,0.1176617843,0.8819772153,0.04488052604,0.3080461766,0.3102776984,0.7707372511,0.1575116581,0.1011172325,0.1016167333,0.7418979437,0.05510194473,0.2295551692,0.2311128016,0.7246683632,0.1474659365,0.1894640959,0.228305038,0.7479905367,0.1347498334
tulu2_7b,pruning,magnitude,none,0.3,unstructured,4.392947006,0.08400243711,0.2183877178,0.7687166428,0.1321137195,0.04428787162,0.1104813054,0.6410953894,0.08729320271,0.2125571096,0.2045484515,0.6751444778,0.1863143346,0.2459067364,0.2489104094,0.7455922288,0.1616967267,0.1363888313,0.3032326971,0.6517993241,0.1548275544,0.2368518149,0.2368511489,0.7124631298,0.1639430269,0.09866409866,0.09966376633,0.8066184733,0.04965078432,0.1925131044,0.1947446261,0.7270407153,0.1124422288,0.1141074109,0.1146069118,0.7172275911,0.07000505592,0.1719698616,0.173527494,0.6622424056,0.149075318,0.1537249276,0.1904954528,0.7107940378,0.1267361952
tulu2_7b,pruning,magnitude,none,0.4,unstructured,3.765383148,0.1340245453,0.2930271165,0.7410712589,0.2320980728,0.05334120746,0.1195601689,0.6380740613,0.08780407398,0.2008921079,0.2048821179,0.6441141141,0.1812747593,0.2682694418,0.2712731148,0.6739991047,0.1709168529,0.1491406919,0.3125994044,0.6054182236,0.1663936094,0.2571628372,0.2571621712,0.6747944611,0.1629532157,0.1106661107,0.1116657783,0.6742360076,0.06701239159,0.3013432081,0.3035747298,0.6642710956,0.223710733,0.1339220989,0.1344215998,0.6411787015,0.122143051,0.2247446207,0.2263022531,0.6046100069,0.206320268,0.183350687,0.2234468455,0.6561767035,0.1620627028
tulu2_7b,pruning,magnitude,none,0.5,unstructured,3.13781929,0.2567003491,0.3650415336,0.610076108,0.3044681224,0.07743556867,0.1041166963,0.5698930372,0.08282722418,0.2242064602,0.2368611389,0.5660627294,0.1830610311,0.3229854952,0.3259891682,0.4985081625,0.2777268302,0.2643569181,0.3089171183,0.5237006454,0.2216746491,0.3421381951,0.3421375291,0.5237107107,0.3258172611,0.1296537963,0.130653464,0.5211948545,0.09594644215,0.352741037,0.3549725588,0.5678776561,0.2762668694,0.0999645678,0.1004640686,0.624185531,0.07919070493,0.3648916902,0.3664493226,0.4938316294,0.289680678,0.2435074078,0.2635602598,0.5499041064,0.2136659813
tulu2_7b,pruning,magnitude,none,0.6,unstructured,2.510255432,0.06732738938,0.05965637369,0.4868321635,0.02507743976,0.02364321024,0.03653872069,0.4883464064,0.03071255259,0.4340589411,0.4333922744,0.2925335335,0.7302423042,0.06508682229,0.0680904953,0.4855184676,0.03610403318,0.1304542783,0.129167423,0.4772378862,0.05812411525,0.1172690643,0.1172683983,0.4636449783,0.05956744689,0.09099309099,0.09199275866,0.4624994625,0.08574197308,0.04966303087,0.05189455266,0.4865423611,0.04100420131,0.1000955744,0.1005950753,0.4560550519,0.1016541969,0.08396363109,0.08552126349,0.4711399237,0.05567276487,0.1162555033,0.1174117335,0.4570350235,0.1223901028
tulu2_7b,pruning,magnitude,none,0.5,semistructured:24,3.13781929,0.08868244781,0.1063447895,0.5268195661,0.09046248,0.02880892038,0.04428616163,0.4948253579,0.02645172157,0.5026739927,0.49600999,0.2865271939,0.7941454075,0.1050941556,0.1080978286,0.4731907979,0.07831740944,0.07946952606,0.08836082082,0.4947123215,0.07130622636,0.1945601066,0.1945594406,0.4296319653,0.2109845145,0.07601007601,0.07700974368,0.4825021492,0.06535634295,0.08425161855,0.08648314034,0.5044817927,0.07296720879,0.1235930803,0.1240925811,0.4532255557,0.1426124818,0.1128595233,0.1144171557,0.4470149035,0.1176272111,0.1396003447,0.1439661652,0.4592931604,0.1670231004
tulu2_7b,pruning,magnitude,none,0.5,semistructured:48,3.13781929,0.08102644917,0.09935813352,0.4858444832,0.08198010315,0.03868868976,0.04298534093,0.4836041011,0.03536302412,0.6655621046,0.6708901099,0.2038058058,1.565657919,0.09043183197,0.09343550498,0.4728664443,0.08256706778,0.07522917045,0.0849805297,0.4942806188,0.06104552304,0.2641721612,0.2641714952,0.4009432766,0.294246331,0.1206507873,0.121650455,0.4511587845,0.121530331,0.1445400544,0.1467715762,0.4663799527,0.1516491153,0.1630744269,0.1635739277,0.435882547,0.2011910909,0.1228827067,0.1244403391,0.4415046875,0.1319199466,0.1766258382,0.1812257412,0.4336270702,0.2727150452
tulu2_7b,pruning,sparsegpt,none,0.1,unstructured,5.648074722,0.1203825406,0.2487364753,0.7727379375,0.137920976,0.05378020181,0.1002396502,0.6289860118,0.06298622677,0.3144761905,0.3264635365,0.6080927594,0.3461231611,0.2602671315,0.2632708045,0.7406251626,0.1725400514,0.1610292465,0.3278698709,0.7016569112,0.115959931,0.2485154845,0.2485148185,0.7308154821,0.1754334819,0.08499108499,0.08599075266,0.8743222077,0.04110036271,0.2706705209,0.2729020427,0.7550406021,0.123086029,0.112293409,0.1127929098,0.7335301045,0.06274491653,0.208556111,0.2101137434,0.6997425884,0.1434140908,0.1834961921,0.2196894605,0.7245549767,0.1381309227
tulu2_7b,pruning,sparsegpt,none,0.2,unstructured,5.020510864,0.1010301602,0.2347380902,0.7277398776,0.1319288424,0.03570455033,0.08300650881,0.5992183192,0.03925277397,0.3601232101,0.3707765568,0.5807500834,0.4083238253,0.207552711,0.210556384,0.7026634291,0.139592714,0.1359652819,0.2892263958,0.6735450582,0.1022423241,0.2391898102,0.2391891442,0.7031314648,0.1838260526,0.08699175366,0.08799142132,0.8329694996,0.04129295745,0.2215443625,0.2237758843,0.7006705713,0.1255141454,0.1282659191,0.1287654199,0.6704955523,0.1022492337,0.187513584,0.1890712164,0.6381356676,0.1299199989,0.1703881343,0.2057097022,0.6829319523,0.1404142868
tulu2_7b,pruning,sparsegpt,none,0.3,unstructured,4.392947006,0.07634411347,0.188684652,0.6551190852,0.144179134,0.01719382012,0.04384389748,0.5716218316,0.02488273162,0.3747775558,0.3661082251,0.5520550551,0.4048934047,0.1304762431,0.1334799161,0.6606810841,0.1024101749,0.09349041395,0.2102355237,0.6377572796,0.08753597791,0.2105381285,0.2105374625,0.6354274274,0.1785672191,0.08166308166,0.08266274933,0.774303441,0.05105839353,0.1484335464,0.1506650682,0.608203416,0.1031969949,0.1562419371,0.1567414379,0.5841246508,0.1521991679,0.1501847424,0.1517423748,0.5382607169,0.1167094491,0.1439343583,0.1694701307,0.6217553988,0.1365632648
tulu2_7b,pruning,sparsegpt,none,0.4,unstructured,3.765383148,0.07734544547,0.21567599,0.6674298051,0.1590226653,0.0167670296,0.05202149744,0.5694875057,0.0188337817,0.4293932734,0.4293866134,0.467998999,0.5764451186,0.09476950564,0.09777317866,0.6786488089,0.06713154648,0.06119207531,0.1677557935,0.594780806,0.06001211123,0.2072024642,0.2072017982,0.6310944278,0.1679490008,0.07099573766,0.07199540533,0.7212570546,0.04954010497,0.1350425483,0.1372740701,0.5835422384,0.1052195759,0.1477385994,0.1482381002,0.5692806381,0.1451907647,0.1244765631,0.1260341955,0.5163917043,0.1061269808,0.1364923242,0.1653356642,0.5999911988,0.1455471651
tulu2_7b,pruning,sparsegpt,none,0.5,unstructured,3.13781929,0.06433708843,0.1806562629,0.6861021521,0.1451343218,0.01891590015,0.03868091433,0.5522213511,0.03604981399,0.4813689644,0.4873629704,0.4333089756,0.6699479652,0.0690741269,0.07207779991,0.6819721549,0.04911174128,0.07437396814,0.1690426488,0.607931681,0.07384637915,0.2165337995,0.2165331335,0.5827357357,0.178127435,0.06965773632,0.07065740399,0.6898890232,0.04227222502,0.1116134369,0.1138449587,0.6126710617,0.07468802667,0.1612372734,0.1617367742,0.5289267796,0.1903494235,0.1229261755,0.1244838079,0.5288564199,0.08950130288,0.139003847,0.1635076675,0.5904615335,0.1549028635
tulu2_7b,pruning,sparsegpt,none,0.6,unstructured,2.510255432,0.05299538404,0.1313358705,0.6424347761,0.1156805968,0.01677700206,0.0270918416,0.5397064332,0.03002405257,0.4847069597,0.4867036297,0.3842872873,0.6997125636,0.1124408396,0.1154445126,0.5767576276,0.06039762543,0.07820536092,0.1380425105,0.5483719416,0.1067525189,0.2208697969,0.2208691309,0.5216946947,0.1941628954,0.072663406,0.07366307366,0.6088726089,0.04906116689,0.09654739696,0.09877891875,0.550460723,0.06717647963,0.1121127426,0.1126122434,0.5427824563,0.08867888723,0.1229479099,0.1245055423,0.4992687172,0.1002393653,0.1370266799,0.1529047274,0.5414637266,0.1511886152
tulu2_7b,pruning,sparsegpt,none,0.5,semistructured:24,3.13781929,0.04233038238,0.1253328375,0.6444627422,0.1122529262,0.01161238615,0.04083647467,0.5561230045,0.04499098016,0.2928584749,0.2981858142,0.5243840507,0.2763280698,0.08776818168,0.09077185469,0.5994059839,0.04896825934,0.0752388948,0.1588661195,0.5747439181,0.1119182633,0.1642457542,0.1642450882,0.6321004338,0.08606211891,0.04266204266,0.04366171033,0.6068559402,0.02078644604,0.07421537266,0.07644689445,0.6429259919,0.03864863962,0.06414420314,0.06464370398,0.5517946258,0.03688208811,0.1081793813,0.1097370137,0.4969322686,0.08510282675,0.09632550739,0.1172727511,0.582972896,0.08619406183
tulu2_7b,pruning,sparsegpt,none,0.5,semistructured:48,3.13781929,0.06433541142,0.1293391785,0.6537747848,0.1368625071,0.03613685489,0.07139020276,0.5858537747,0.06416026195,0.3294985015,0.3388225108,0.5060407074,0.3245650485,0.1348122411,0.1378159141,0.6077243475,0.09629754697,0.1330393339,0.2234660383,0.5747455512,0.1501652925,0.2015547786,0.2015541126,0.5673903904,0.179324843,0.05833905834,0.05933872601,0.6801880135,0.04153917719,0.102671477,0.1049029988,0.5969659244,0.06970434916,0.08662955946,0.0871290603,0.5771364683,0.06982638923,0.1244946751,0.1260523075,0.5039525836,0.105586321,0.1271511891,0.147981105,0.5853772546,0.1238031737
tulu2_7b,pruning,wanda,none,0.1,unstructured,5.648074722,0.07802346017,0.2263800868,0.7947196538,0.09253937836,0.01893974352,0.06968034801,0.6229405309,0.04301240973,0.2764855145,0.2818061938,0.6237584251,0.31035652,0.1648286202,0.1678322932,0.796227612,0.07358410442,0.0989949347,0.273478896,0.702919356,0.07833667233,0.1515867466,0.1515860806,0.8118665332,0.06280998881,0.03833837167,0.03933803934,0.8983168983,0.01047786803,0.1417399147,0.1439714365,0.7925793887,0.04176293483,0.07280871331,0.07330821414,0.7640342887,0.03363288898,0.1377599073,0.1393175397,0.7464825297,0.06798413904,0.1179505927,0.1566699128,0.7553845216,0.08144969045
tulu2_7b,pruning,wanda,none,0.2,unstructured,5.020510864,0.07334744948,0.2183573708,0.7697485989,0.09002567212,0.01248312507,0.03223597405,0.6095849568,0.03484150048,0.2934811855,0.3008018648,0.6054214214,0.3076041478,0.1337812,0.136784873,0.7732532311,0.05364156913,0.08581790404,0.2611586884,0.6930930823,0.07012929695,0.1212670663,0.1212664003,0.7821901902,0.06020514121,0.03366570033,0.034665368,0.865294532,0.006371908557,0.1138216164,0.1160531382,0.7387856153,0.04905728659,0.0724623803,0.07296188113,0.7063594139,0.04859887646,0.1323081939,0.1338658263,0.670078101,0.08349229473,0.1072435821,0.1428151385,0.7213809143,0.0803967694
tulu2_7b,pruning,wanda,none,0.3,unstructured,4.392947006,0.06334609946,0.2376813901,0.7957196738,0.08995892116,0.009040597773,0.0674887791,0.6173508491,0.03007810445,0.1885567766,0.1998721279,0.6808111445,0.1271237334,0.09274547159,0.0957491446,0.8301800249,0.03232124816,0.06841186284,0.2191219563,0.69563757,0.0765598177,0.0803030303,0.0803023643,0.8325568902,0.02688039585,0.02099035432,0.02199002199,0.8799732133,0.002002672011,0.06694565357,0.06917717536,0.7998830509,0.01886630999,0.05330403764,0.05380353847,0.7510504556,0.03140257588,0.1167391147,0.1182967471,0.7675617568,0.06773017973,0.07603829987,0.1163483245,0.7650724629,0.05029239583
tulu2_7b,pruning,wanda,none,0.4,unstructured,3.765383148,0.07568879884,0.301400885,0.8087296938,0.1397785939,0.01033147605,0.09202101469,0.628993816,0.02917476486,0.1449304029,0.1395990676,0.7218375042,0.04880852268,0.09240511921,0.09540879223,0.8424840808,0.02218609983,0.0692703066,0.2471199725,0.6926646459,0.09151664484,0.07564269064,0.07564202464,0.8252315649,0.02916139012,0.01698501699,0.01798468465,0.8106091439,0.004703012727,0.07028920149,0.07252072327,0.7752388497,0.02002365843,0.04314902965,0.04364853048,0.7033580779,0.01993195752,0.09729406651,0.09885169891,0.7776973367,0.04852548581,0.06959861089,0.1184197394,0.7586844714,0.04538101307
tulu2_7b,pruning,wanda,none,0.5,unstructured,3.13781929,0.08169547687,0.2526907541,0.7590779442,0.1394511381,0.01119113541,0.07309235932,0.5970627659,0.03126826973,0.1785724276,0.1892257742,0.6487851185,0.0925706067,0.1157758547,0.1187795277,0.7285915801,0.0281850401,0.06969709739,0.1753813025,0.6339405481,0.09060828962,0.1359497169,0.1359490509,0.6761317985,0.07522452074,0.01699301699,0.01799268466,0.7179117179,0.006056625205,0.07309587701,0.07532739879,0.6922907884,0.0276241454,0.03682435899,0.03732385982,0.646678864,0.01270480825,0.1159639209,0.1175215533,0.6420553435,0.06898901253,0.08357588827,0.1193284265,0.6742526469,0.05726824564
tulu2_7b,pruning,wanda,none,0.6,unstructured,2.510255432,0.06434607944,0.1260025192,0.5984700069,0.05886139976,0.0206646106,0.03699763851,0.5267580578,0.03002199472,0.3321475191,0.3394715285,0.4433103103,0.3166152787,0.08040278288,0.08340645589,0.5324642257,0.02076207363,0.1024335719,0.1401683609,0.5245232216,0.08800152229,0.1429347319,0.1429340659,0.501353687,0.1167805703,0.03399470066,0.03499436833,0.5381765382,0.01569818127,0.05636786683,0.05859938862,0.5532646729,0.03370189614,0.08496038429,0.08545988513,0.5027589241,0.05826612248,0.1011845251,0.1027421575,0.5016015094,0.06414512828,0.1019436773,0.1150776368,0.5222681154,0.08028541676
tulu2_7b,pruning,wanda,none,0.5,semistructured:24,3.13781929,0.05601409212,0.09967716786,0.5971370133,0.06657005404,0.01420911212,0.05462820446,0.5396924659,0.04689379649,0.2685361305,0.2705314685,0.515710377,0.2108998193,0.08473411555,0.08773778856,0.5547779247,0.02513660118,0.06758421285,0.09597174321,0.5483490771,0.07527271067,0.1032853813,0.1032847153,0.543371705,0.05825932937,0.01998468665,0.02098435432,0.5558435558,0.008097314508,0.07087275844,0.07310428023,0.5711899575,0.03126788338,0.05280453747,0.0533040383,0.5256111056,0.02821330011,0.09806926031,0.0996268927,0.479743466,0.06645218658,0.08360942873,0.09588506534,0.5431426648,0.06170629957
tulu2_7b,pruning,wanda,none,0.5,semistructured:48,3.13781929,0.07767776579,0.1540028902,0.6677754641,0.09343573755,0.02453836539,0.07611810288,0.5793882854,0.05454897253,0.2052171162,0.2065444555,0.5727337337,0.1625901931,0.1087504746,0.1117541476,0.6246970701,0.03480725308,0.08627873004,0.1316763046,0.5943491033,0.07714400948,0.1369443889,0.1369437229,0.6374374374,0.07066792182,0.03232169899,0.03332136665,0.6815333482,0.008097314508,0.08368393435,0.08591545614,0.6776900659,0.02893600351,0.04564303364,0.04614253448,0.5966543248,0.0181980925,0.1276678983,0.1292255307,0.5312367455,0.09159019034,0.09287234062,0.1111644512,0.6163495578,0.06400156884
tulu2_7b,none,none,none,0,unstructured,6.27563858,0.1093761836,0.244417467,0.7544052456,0.1091816166,0.05291333129,0.1114136106,0.6199169525,0.06950301984,0.3434578755,0.3527812188,0.5824017351,0.4005318389,0.2232157147,0.2262193877,0.726978466,0.1422782267,0.1465783264,0.3185177502,0.6952646616,0.09680625015,0.2438494838,0.2438488178,0.7414851518,0.1573957859,0.08065674732,0.08165641499,0.8749902083,0.03714887983,0.2561628283,0.25839435,0.7617632912,0.1074853985,0.1141197436,0.1146192445,0.738188939,0.05506696945,0.2046547852,0.2062124176,0.7153481637,0.132263799,0.177498502,0.2158080679,0.7210742815,0.1307661785