base_model,compression_type,compression_method,quantization_bits,compression_ratio,pruning_structure,active_parameters,group_body_type_regardv3_score,group_nationality_regardv3_score,group_age_regardv3_score,group_characteristics_regardv3_score,group_race_ethnicity_regardv3_score,group_socioeconomic_class_regardv3_score,group_religion_regardv3_score,group_gender_and_sex_regardv3_score,group_ability_regardv3_score,group_political_ideologies_regardv3_score,group_cultural_regardv3_score,group_sexual_orientation_regardv3_score,group_nonce_regardv3_score,group_null_regardv3_score,mean_regardv3_score_likelihood,mean_regardv3_score_ratio,group_body_type_openai_toxicity,group_nationality_openai_toxicity,group_age_openai_toxicity,group_characteristics_openai_toxicity,group_race_ethnicity_openai_toxicity,group_socioeconomic_class_openai_toxicity,group_religion_openai_toxicity,group_gender_and_sex_openai_toxicity,group_ability_openai_toxicity,group_political_ideologies_openai_toxicity,group_cultural_openai_toxicity,group_sexual_orientation_openai_toxicity,group_nonce_openai_toxicity,group_null_openai_toxicity,mean_openai_toxicity_likelihood,mean_openai_toxicity_ratio
llama2_13b,quantization,awq,4,0,unstructured,12.12196827,0.2336742722,0.1648044693,0.1608325449,0.2634180791,0.1676646707,0.2144469526,0.1881638847,0.3242876526,0.3081285444,0.3257403189,0.217630854,0.4061433447,0.0593220339,0.125,0.2414,0.2414,0.00220148465,0.002562863941,0.001715554457,0.003384460963,0.002867956193,0.0002496224715,0.00937031403,0.001186168417,0.00225862941,0.002371730347,0.0007453004037,0.001482987928,0.0006433702422,0.0003061981928,0.00196717896,0
llama2_13b,quantization,bitsandbytes,8,0,unstructured,12.12196827,0.2368214005,0.1592178771,0.1712393567,0.2662429379,0.1816367265,0.223476298,0.2230652504,0.3337856174,0.3223062382,0.3075170843,0.2258953168,0.4300341297,0.08474576271,0.125,0.2496,0.2496,0.001442861912,0.0007072686324,0.0004558644682,0.001844790481,0.002577963437,0.0021165681,0.003175509547,0.00354605997,0.003010659346,0.001303847431,0.002348013532,0.008676765866,0.0005449474701,0.0001234618812,0.002116890267,0
llama2_13b,pruning,gblm,none,0.1,unstructured,10.90977144,0.2348544453,0.1703910615,0.146641438,0.2662429379,0.1816367265,0.1941309255,0.2033383915,0.3432835821,0.309073724,0.3075170843,0.2258953168,0.4061433447,0.1016949153,0.1875,0.2432,0.2432,0.001198626486,0.0005062076082,0.0002247057054,0.001827636923,0.002206197158,0.002112003994,0.002419671697,0.002979589346,0.002860118687,0.001092118578,0.002003455612,0.006618761432,0.0006737764154,8.28E-05,0.001813784914,0
llama2_13b,pruning,gblm,none,0.2,unstructured,9.697574615,0.2061369001,0.1787709497,0.1504257332,0.2605932203,0.1816367265,0.1783295711,0.2003034901,0.3595658073,0.3345935728,0.3006833713,0.2314049587,0.4061433447,0.1186440678,0.125,0.2388,0.2388,0.001013139954,0.0004118966009,0.0003653284201,0.001676779463,0.002293574019,0.001489307775,0.003028252843,0.003014803701,0.003228141569,0.00289046685,0.001831091152,0.006095380148,0.001055902301,0.0002850850121,0.001877378451,0
llama2_13b,pruning,gblm,none,0.3,unstructured,8.485377789,0.2010228167,0.1284916201,0.1305581835,0.2563559322,0.1716566866,0.1828442438,0.1820940819,0.3147896879,0.3336483932,0.298405467,0.1955922865,0.3890784983,0.1186440678,0.0625,0.2261,0.2261,0.001413396462,0.0003534430076,0.0005790580214,0.001923634467,0.003759366848,0.001828573561,0.003349942307,0.003293624534,0.003711898868,0.001426557019,0.001579607798,0.007875169416,0.002115796159,0.0002579166964,0.002207189169,0.0001
llama2_13b,pruning,gblm,none,0.4,unstructured,7.273180962,0.1837136113,0.1648044693,0.1248817408,0.2436440678,0.1816367265,0.2009029345,0.1623672231,0.2985074627,0.3298676749,0.3075170843,0.2341597796,0.3890784983,0.1186440678,0,0.2207,0.2207,0.001314085138,0.0006339531993,0.000402078331,0.001721589253,0.00247066318,0.001682748363,0.003321621346,0.003665581459,0.00314111171,0.001706062725,0.001791982363,0.008930444488,0.001653234611,0.0002555923862,0.002084240734,0
llama2_13b,pruning,gblm,none,0.5,unstructured,6.060984135,0.1471282455,0.1089385475,0.08703878903,0.2012711864,0.1077844311,0.1151241535,0.1350531108,0.2537313433,0.3241965974,0.291571754,0.2203856749,0.3276450512,0.1016949153,0,0.183,0.183,0.001359178516,0.0006873320232,0.0004814318727,0.001443597784,0.002540718863,0.001574818185,0.00286501367,0.003082388154,0.002989515145,0.00182868699,0.00272384663,0.007967057056,0.001841739537,0.0003368372284,0.00198959326,0
llama2_13b,pruning,gblm,none,0.6,unstructured,4.848787308,0.1184107002,0.04469273743,0.06149479659,0.1588983051,0.06986027944,0.1151241535,0.09863429439,0.1953867028,0.2778827977,0.2391799544,0.1432506887,0.2559726962,0.04237288136,0,0.1433,0.1433,0.001633649099,0.001493969719,0.001004957521,0.001393756052,0.002606295183,0.001707022081,0.002387340319,0.002624113882,0.002464837143,0.002000612515,0.001916305715,0.006354735016,0.001615551915,0.001698264787,0.0019554,0
llama2_13b,pruning,gblm,none,0.5,semistructured:24,6.060984135,0.1144767899,0.03072625698,0.1078524125,0.1758474576,0.06586826347,0.1128668172,0.1016691958,0.2198100407,0.2646502836,0.2414578588,0.08815426997,0.2866894198,0.01694915254,0,0.1481,0.1481,0.001483525738,0.0008271451444,0.0007571939774,0.0015154896,0.002022264233,0.001600485154,0.003288065081,0.002959097833,0.002870738973,0.002315624433,0.001561798616,0.007133906348,0.002541521025,0.0004181913778,0.002010094595,0
llama2_13b,pruning,gblm,none,0.5,semistructured:48,6.060984135,0.1467348544,0.06424581006,0.05960264901,0.197740113,0.0618762475,0.1151241535,0.1183611533,0.2333785617,0.2854442344,0.2642369021,0.1707988981,0.2627986348,0.09322033898,0.0625,0.164,0.164,0.00194006987,0.0009273168323,0.0005891043703,0.0012609813,0.002546865168,0.002135314156,0.003142198078,0.002800434469,0.002641199007,0.002058811723,0.00282038883,0.007615070436,0.001307299248,0.0004126045381,0.00211425089,0
llama2_13b,quantization,gptq,4,0,unstructured,12.12196827,0.2140047207,0.1620111732,0.1390728477,0.2620056497,0.2295409182,0.1828442438,0.1972685888,0.3229308005,0.2958412098,0.3211845103,0.2148760331,0.4061433447,0.06779661017,0.1875,0.2346,0.2346,0.001128995738,0.00283420342,0.001802121706,0.003597736911,0.002462790335,0.000394811628,0.001458270023,0.001597723355,0.001859153912,0.001749852067,0.008100113925,0.0005508937421,0.0007787932095,0.004989607058,0.001930404154,0
llama2_13b,pruning,magnitude,none,0.1,unstructured,10.90977144,0.2462627852,0.1899441341,0.1589403974,0.2598870056,0.2035928144,0.2257336343,0.2063732929,0.3473541384,0.3109640832,0.3189066059,0.2479338843,0.4027303754,0.1186440678,0.25,0.2519,0.2519,0.001382410463,0.0004005403113,0.0003709010021,0.002099749166,0.002606522353,0.001547132508,0.002491463597,0.003067533306,0.003468715113,0.001767290302,0.001534193422,0.006691746383,0.0008587533919,0.0007174512792,0.001999280902,0
llama2_13b,pruning,magnitude,none,0.2,unstructured,9.697574615,0.2261998426,0.187150838,0.1608325449,0.2627118644,0.2015968064,0.223476298,0.1972685888,0.34192673,0.3194706994,0.3189066059,0.2369146006,0.4129692833,0.1016949153,0.25,0.2467,0.2467,0.001305324519,0.0003956967242,0.0004746036695,0.001600983411,0.002436452291,0.002037688313,0.002815840513,0.004182190551,0.002518664715,0.003116502467,0.002136107985,0.007451741798,0.0009916342326,0.0002854777518,0.002040295468,0.0001
llama2_13b,pruning,magnitude,none,0.3,unstructured,8.485377789,0.243902439,0.2067039106,0.1636707663,0.2627118644,0.2215568862,0.2392776524,0.2245827011,0.3514246947,0.3260869565,0.3075170843,0.2424242424,0.4607508532,0.1016949153,0.1875,0.2581,0.2581,0.001808707986,0.0005680205347,0.0004791383555,0.002143096067,0.003078908123,0.001766254932,0.003917324116,0.004848961286,0.00343467533,0.001777020857,0.002662981602,0.01043007761,0.001754227354,6.91E-05,0.002546712367,0.0003
llama2_13b,pruning,magnitude,none,0.4,unstructured,7.273180962,0.2627852085,0.1480446927,0.1438032167,0.2761299435,0.1776447106,0.2776523702,0.1942336874,0.2957937585,0.3100189036,0.3690205011,0.2672176309,0.4300341297,0.2118644068,0.125,0.2562,0.2562,0.002284283582,0.002032431881,0.0006011497203,0.002262971292,0.003826656047,0.003173448196,0.004273914796,0.005607585222,0.004789205816,0.002119693849,0.003054821354,0.01286175285,0.003207798341,0.0001845069099,0.003190272588,0.0001
llama2_13b,pruning,magnitude,none,0.5,unstructured,6.060984135,0.1699449253,0.1312849162,0.08041627247,0.1546610169,0.121756487,0.09255079007,0.1684370258,0.1994572592,0.1928166352,0.2528473804,0.1845730028,0.2150170648,0.07627118644,0.0625,0.1598,0.1598,0.001115907133,0.001357829961,0.0006631353082,0.001869692916,0.001637740692,0.002692337616,0.002336164205,0.001692749358,0.002073619765,0.002031815623,0.004290482734,0.002996375292,0.0004762994802,0.0003692403271,0.001705481153,0.0001
llama2_13b,pruning,magnitude,none,0.6,unstructured,4.848787308,0.001573564123,0,0,0.01553672316,0.003992015968,0.006772009029,0.003034901366,0.002713704206,0.004725897921,0.002277904328,0,0.003412969283,0,0,0.0042,0.0042,0.001365850357,0.0008570353405,0.00106214237,0.001275137819,0.0009589312101,0.001378326963,0.0009921173828,0.001037073131,0.00112660299,0.001102236108,0.001218976791,0.001251088949,0.00183143875,0.003418476138,0.001197193217,0
llama2_13b,pruning,magnitude,none,0.5,semistructured:24,6.060984135,0.1219512195,0.1592178771,0.08987701041,0.1207627119,0.09580838323,0.1060948081,0.128983308,0.09905020353,0.1483931947,0.159453303,0.1212121212,0.1365187713,0.08474576271,0.1875,0.121,0.121,0.001931996221,0.002569199941,0.00268115896,0.001752915691,0.001468837432,0.002139747991,0.002394867571,0.001979299402,0.003100691372,0.003071654774,0.00208622359,0.003801141292,0.002376646434,0.0004343232802,0.002265519384,0.0003
llama2_13b,pruning,magnitude,none,0.5,semistructured:48,6.060984135,0.06805664831,0.04748603352,0.03689687796,0.09533898305,0.09580838323,0.03837471783,0.09863429439,0.05563093623,0.118147448,0.1161731207,0.06336088154,0.05802047782,0.03389830508,0,0.0755,0.0755,0.0009237470928,0.0007924475078,0.0009906489436,0.001184375296,0.001031543504,0.0005600235839,0.001047109093,0.001126765827,0.001073408423,0.002255675186,0.0004944661769,0.001937136132,0.0004689690129,0.0001801671708,0.001057261836,0
llama2_13b,none,none,none,0,unstructured,12.12196827,0.2423288749,0.156424581,0.1542100284,0.2725988701,0.1876247505,0.1896162528,0.215477997,0.3527815468,0.3147448015,0.3029612756,0.217630854,0.4061433447,0.1186440678,0.1875,0.2482,0.2482,0.001142436325,0.0005288400382,0.0003103105939,0.001865213562,0.003011486535,0.002450327854,0.002714319847,0.002952523791,0.002866648538,0.0009435423149,0.002061079179,0.005577115993,0.000551045586,0.0003079982368,0.001852088269,0
llama2_13b,pruning,sparsegpt,none,0.1,unstructured,10.90977144,0.2454760031,0.156424581,0.1674550615,0.2881355932,0.1916167665,0.2167042889,0.2230652504,0.369063772,0.3251417769,0.3189066059,0.2424242424,0.4436860068,0.1016949153,0.1875,0.2593,0.2593,0.001334235231,0.0003723529543,0.0004759960054,0.00185062506,0.001989562085,0.001704307508,0.002475215699,0.002926310071,0.003345158688,0.001414888999,0.002021714211,0.007725934366,0.001513089056,0.0003968614979,0.001953096716,0
llama2_13b,pruning,sparsegpt,none,0.2,unstructured,9.697574615,0.2442958301,0.2067039106,0.1627246925,0.293079096,0.2075848303,0.1941309255,0.2063732929,0.3772048847,0.3364839319,0.3143507973,0.2396694215,0.4402730375,0.1440677966,0.1875,0.2616,0.2616,0.001269308001,0.0005569862882,0.0005767236271,0.001799449288,0.002126157243,0.002096213587,0.003096040619,0.004029268126,0.003328202643,0.001274962051,0.001482806328,0.007908794943,0.001134281012,0.0001956784157,0.002066074623,0.0001
llama2_13b,pruning,sparsegpt,none,0.3,unstructured,8.485377789,0.2254130606,0.1815642458,0.1721854305,0.2782485876,0.1916167665,0.2076749436,0.1957511381,0.3364993216,0.331758034,0.3097949886,0.2341597796,0.4163822526,0.1186440678,0.0625,0.2488,0.2488,0.00134511396,0.0008136681909,0.0004988358926,0.001925752674,0.003903389738,0.002071456229,0.002908128069,0.004143056877,0.003151720103,0.001282896206,0.002296429893,0.008174410026,0.001821130728,0.0004422023688,0.002215623706,0.0001
llama2_13b,pruning,sparsegpt,none,0.4,unstructured,7.273180962,0.2159716758,0.2150837989,0.178807947,0.2853107345,0.1696606786,0.2257336343,0.2215477997,0.3297150611,0.3497164461,0.3667425968,0.2258953168,0.3890784983,0.1610169492,0.3125,0.2544,0.2544,0.001528771306,0.001050420093,0.0003901666427,0.002428895891,0.002030798822,0.002430059094,0.004008283884,0.004241718165,0.003331059914,0.001588358508,0.002468993542,0.007723864846,0.002002223145,0.0002408531551,0.002359646534,0
llama2_13b,pruning,sparsegpt,none,0.5,unstructured,6.060984135,0.1978756884,0.1731843575,0.1277199622,0.2521186441,0.1796407186,0.1534988713,0.2033383915,0.289009498,0.3383742911,0.3097949886,0.2314049587,0.361774744,0.1779661017,0.1875,0.227,0.227,0.001723203409,0.001189371753,0.0005263093098,0.001805262331,0.003937644135,0.001951939711,0.003877134831,0.004848633926,0.003086811434,0.001762158418,0.002209985543,0.007960944522,0.002871003946,0.0004814008052,0.002440537904,0
llama2_13b,pruning,sparsegpt,none,0.6,unstructured,4.848787308,0.1490952006,0.06424581006,0.07095553453,0.2132768362,0.0878243513,0.1196388262,0.1441578149,0.2550881954,0.3790170132,0.284738041,0.1652892562,0.4505119454,0.1271186441,0.0625,0.1893,0.1893,0.002248439109,0.00104179247,0.0008333696746,0.001989609198,0.001979462295,0.0009322379101,0.003184157544,0.003713211405,0.003300563467,0.002302816656,0.001748994293,0.005325867568,0.001916399851,0.0002850195222,0.00229553332,0
llama2_13b,pruning,sparsegpt,none,0.5,semistructured:24,6.060984135,0.1593233674,0.06424581006,0.08798486282,0.2019774011,0.06986027944,0.1083521445,0.1320182094,0.2944369064,0.2608695652,0.2642369021,0.1432506887,0.4709897611,0.1016949153,0,0.1788,0.1788,0.001924607322,0.001120590078,0.0007995959951,0.001491420831,0.002711146373,0.001599318096,0.003387392674,0.00378159607,0.002483274568,0.002039566185,0.00214684054,0.006349664333,0.002187421387,8.66E-05,0.002175858784,0
llama2_13b,pruning,sparsegpt,none,0.5,semistructured:48,6.060984135,0.1868607396,0.0782122905,0.09649952696,0.2231638418,0.1077844311,0.164785553,0.1471927162,0.2781546811,0.297731569,0.2505694761,0.1900826446,0.4266211604,0.09322033898,0.1875,0.1983,0.1983,0.001990541937,0.0006529226998,0.0006973391027,0.00160220494,0.002320764912,0.001849439581,0.002786924873,0.003359744416,0.002978386207,0.002081187762,0.00229188983,0.007194009826,0.00281098398,0.000349749899,0.002193610067,0
llama2_13b,pruning,wanda,none,0.1,unstructured,10.90977144,0.2478363493,0.1536312849,0.1608325449,0.2867231638,0.2035928144,0.2031602709,0.1790591806,0.3500678426,0.320415879,0.3257403189,0.2396694215,0.4266211604,0.09322033898,0.1875,0.2537,0.2537,0.00124545574,0.000446507035,0.0007317868461,0.001729697857,0.002001992921,0.002041632498,0.002810666864,0.003129269975,0.002810727034,0.001351273839,0.001811858045,0.006926488982,0.001504597997,0.0005089390698,0.00190543017,0
llama2_13b,pruning,wanda,none,0.2,unstructured,9.697574615,0.2368214005,0.187150838,0.1579943236,0.2733050847,0.1796407186,0.2054176072,0.1896813354,0.3636363636,0.354442344,0.3189066059,0.2451790634,0.4232081911,0.1271186441,0.0625,0.2541,0.2541,0.001318515515,0.0005003836308,0.0003947596876,0.001667352805,0.002709066773,0.001599549854,0.002279570005,0.003580472009,0.003394504257,0.001045881832,0.002264630313,0.009638204668,0.001137797226,0.0002013453191,0.002034998788,0
llama2_13b,pruning,wanda,none,0.3,unstructured,8.485377789,0.2258064516,0.2150837989,0.1579943236,0.281779661,0.1896207585,0.1918735892,0.1942336874,0.3907734057,0.3364839319,0.30523918,0.2258953168,0.4505119454,0.07627118644,0.125,0.2528,0.2528,0.001384549133,0.001030290039,0.000735663964,0.001945526962,0.002567306883,0.001960222263,0.004187430505,0.00446483827,0.003641068053,0.001258173952,0.004225084069,0.008016302168,0.001853565494,0.00031698192,0.002413639529,0
llama2_13b,pruning,wanda,none,0.4,unstructured,7.273180962,0.2199055862,0.1508379888,0.156102176,0.2782485876,0.1796407186,0.2009029345,0.2109256449,0.3622795115,0.354442344,0.3143507973,0.2534435262,0.4061433447,0.1440677966,0.1875,0.2501,0.2501,0.001655546961,0.0009699076447,0.0004963702848,0.002285159649,0.002158726226,0.002367959451,0.004874756581,0.004495525084,0.003245289339,0.001632975078,0.002937963048,0.00820483153,0.001609390515,0.0001251622523,0.00247850703,0.0001
llama2_13b,pruning,wanda,none,0.5,unstructured,6.060984135,0.1915814319,0.1452513966,0.128666036,0.2556497175,0.1756487026,0.1557562077,0.1927162367,0.3107191316,0.3610586011,0.3029612756,0.2203856749,0.3788395904,0.1271186441,0.1875,0.2274,0.2274,0.001720480125,0.001570833837,0.0005128197736,0.001839165653,0.002845128749,0.001946699761,0.003019119389,0.004137145637,0.003693069153,0.001910650705,0.003418817438,0.007905654427,0.003939109613,0.0003037172425,0.002418170628,0
llama2_13b,pruning,wanda,none,0.6,unstructured,4.848787308,0.1455546814,0.06703910615,0.08230842006,0.2033898305,0.08582834331,0.07900677201,0.1487101669,0.2320217096,0.3449905482,0.2551252847,0.1900826446,0.3924914676,0.1271186441,0,0.1792,0.1792,0.001773450298,0.0008575376129,0.0005981234143,0.001825346984,0.001758559137,0.001074853644,0.002732670012,0.003404382362,0.003179641255,0.001920601353,0.002268850645,0.005127253178,0.002768595694,0.0002008257828,0.002056206444,0
llama2_13b,pruning,wanda,none,0.5,semistructured:24,6.060984135,0.1490952006,0.06703910615,0.07663197729,0.186440678,0.06786427146,0.1128668172,0.1380880121,0.2143826323,0.3223062382,0.291571754,0.1652892562,0.3174061433,0.08474576271,0.0625,0.1714,0.1714,0.002001541703,0.001551406037,0.0005807338602,0.00182211298,0.002115539413,0.001959741756,0.003917601741,0.003594854491,0.003835283024,0.003223336643,0.003089671873,0.006936980734,0.002004086646,0.0003820081891,0.002486791404,0
llama2_13b,pruning,wanda,none,0.5,semistructured:48,6.060984135,0.1904012589,0.1787709497,0.1116367077,0.2634180791,0.1556886228,0.2167042889,0.2245827011,0.3039348711,0.3884688091,0.3166287016,0.258953168,0.4061433447,0.1355932203,0.0625,0.2365,0.2365,0.002109150893,0.002188020798,0.0005598416078,0.002075389907,0.004018851445,0.002279217002,0.005841561107,0.003689967653,0.003562733359,0.002269421066,0.003840046161,0.008189968525,0.001921223538,0.0003273934339,0.002805539427,0
llama2_7b,none,none,none,0,unstructured,6.27563858,0.2875688434,0.2681564246,0.2781456954,0.3601694915,0.255489022,0.2844243792,0.277693475,0.3907734057,0.3601134216,0.410022779,0.3085399449,0.4197952218,0.2627118644,0.125,0.3185,0.3185,0.001799164513,0.002023411715,0.0006131514995,0.002840377269,0.003309603256,0.002396742809,0.003445536386,0.003498484492,0.001576826938,0.003602736897,0.003725000146,0.004941898448,0.002832945697,0.0004577317388,0.002392843978,0.0004
llama2_7b,quantization,awq,4,0,unstructured,6.27563858,0.1632572777,0.1480446927,0.1182592242,0.2365819209,0.1317365269,0.144469526,0.1426403642,0.2727272727,0.2674858223,0.298405467,0.1597796143,0.3344709898,0.07627118644,0.125,0.1934,0.1934,0.001364034414,0.00147861765,0.0008231882003,0.002560804742,0.001825854668,0.002104462303,0.003923039092,0.003279992205,0.00268532222,0.001480591559,0.004091387342,0.007755506467,0.001096380279,0.0001391805214,0.002272278441,0.0001
llama2_7b,quantization,bitsandbytes,8,0,unstructured,6.27563858,0.1730920535,0.1620111732,0.1532639546,0.2542372881,0.1457085828,0.1399548533,0.1745068285,0.3052917232,0.297731569,0.3234624146,0.1818181818,0.3549488055,0.1016949153,0.3125,0.2139,0.2139,0.001755325262,0.001235622477,0.0004813488247,0.00238287046,0.002811273377,0.0027458195,0.002192542374,0.005514731649,0.002983353902,0.002515627624,0.00209928698,0.005204689853,0.001473483602,0.001125948511,0.002366105909,0
llama2_7b,pruning,gblm,none,0.1,unstructured,5.648074722,0.2981904013,0.2569832402,0.2421948912,0.3502824859,0.2435129741,0.2595936795,0.2837632777,0.420624152,0.3497164461,0.3963553531,0.3443526171,0.4061433447,0.2711864407,0.3125,0.3161,0.3161,0.001080785886,0.002044517904,0.0004439361845,0.001565486978,0.003405829479,0.001894615606,0.003509532077,0.003632142701,0.002951353938,0.002959337148,0.003005245148,0.004366340748,0.0005133512493,0.009026769608,0.002069749839,0.0003
llama2_7b,pruning,gblm,none,0.2,unstructured,5.020510864,0.3021243116,0.2318435754,0.2857142857,0.3573446328,0.2435129741,0.3002257336,0.2655538695,0.4002713704,0.3780718336,0.4191343964,0.2727272727,0.4505119454,0.2203389831,0.125,0.3227,0.3227,0.001390923258,0.001739294332,0.0007946960702,0.001546323603,0.00428661456,0.003928424154,0.004283400731,0.003927066321,0.00149665779,0.004224271904,0.003139221653,0.003187741412,0.001346725623,0.0004165871748,0.002246992104,0.0003
llama2_7b,pruning,gblm,none,0.3,unstructured,4.392947006,0.2915027537,0.2793296089,0.3112582781,0.3622881356,0.251497006,0.3115124153,0.2625189681,0.4369063772,0.3998109641,0.3963553531,0.3002754821,0.4368600683,0.2966101695,0.375,0.3317,0.3317,0.001840153934,0.000727761029,0.0005967088407,0.001174720035,0.002477596619,0.001417113101,0.004367621702,0.003656613207,0.001155324637,0.002308077534,0.003161418468,0.002216567598,0.001554098668,0.0005949658204,0.001890011002,0.0001
llama2_7b,pruning,gblm,none,0.4,unstructured,3.765383148,0.2726199843,0.2039106145,0.2469252602,0.3283898305,0.2355289421,0.2979683973,0.2503793627,0.381275441,0.3468809074,0.4054669704,0.305785124,0.4232081911,0.2203389831,0.1875,0.2997,0.2997,0.001673038444,0.004643202468,0.0005742603731,0.0009553304212,0.001959051977,0.001651627568,0.002276942342,0.002063294112,0.001608592873,0.004338019267,0.00392448355,0.001732333399,0.0009763748062,0.0001116726111,0.001826462204,0.0002
llama2_7b,pruning,gblm,none,0.5,unstructured,3.13781929,0.2442958301,0.2011173184,0.2346263009,0.3403954802,0.2135728543,0.2550790068,0.2352048558,0.3364993216,0.3506616257,0.3485193622,0.2865013774,0.4197952218,0.1525423729,0.125,0.2817,0.2817,0.001242882469,0.001197067575,0.0005528962588,0.001292662381,0.002168113603,0.001175451864,0.00282716923,0.002383140179,0.001664567635,0.002388257428,0.00371992991,0.003044751485,0.000466386428,0.00016196415,0.001633883697,0.0001
llama2_7b,pruning,gblm,none,0.6,unstructured,2.510255432,0.2025963808,0.1452513966,0.1665089877,0.2803672316,0.1596806387,0.2054176072,0.1881638847,0.2849389417,0.3336483932,0.2938496583,0.1707988981,0.3754266212,0.1779661017,0.125,0.2322,0.2322,0.001719892336,0.003812057519,0.0003241815964,0.001307561534,0.007386420106,0.001904724357,0.003324246048,0.003293434187,0.003524816292,0.002212294235,0.002834164432,0.007167925894,0.001131651306,0.0001979300538,0.002505933701,0.0005
llama2_7b,pruning,gblm,none,0.5,semistructured:24,3.13781929,0.1467348544,0.05027932961,0.1362346263,0.2048022599,0.07984031936,0.1354401806,0.1274658574,0.1940298507,0.3119092628,0.2574031891,0.132231405,0.2798634812,0.0593220339,0.0625,0.1733,0.1733,0.001629936116,0.002150892015,0.001020121014,0.00168345641,0.002828713211,0.002616625947,0.003564779064,0.003692592311,0.003616517045,0.001918413606,0.005245581731,0.005775701485,0.001224102323,0.000899285986,0.00244539651,0.0001017915309
llama2_7b,pruning,gblm,none,0.5,semistructured:48,3.13781929,0.1140833989,0.04748603352,0.08893093661,0.186440678,0.06786427146,0.09255079007,0.1153262519,0.1953867028,0.2485822306,0.2437357631,0.1267217631,0.3174061433,0.02542372881,0.125,0.1474,0.1474,0.001314872309,0.001341709058,0.0004875645255,0.001451060993,0.003624230851,0.001508301114,0.004092852052,0.003305894354,0.003087804703,0.001718575576,0.002407559309,0.004986909303,0.001547442034,0.0003730028128,0.002056296454,0
llama2_7b,quantization,gptq,4,0,unstructured,6.27563858,0.2100708104,0.2067039106,0.1797540208,0.2747175141,0.1856287425,0.1309255079,0.191198786,0.328358209,0.3175803403,0.3234624146,0.2258953168,0.3754266212,0.08474576271,0.0625,0.2387,0.2387,0.0016195696,0.001246587623,0.0003239957791,0.001898679016,0.00225419753,0.002251962867,0.003755219248,0.00583936673,0.003272380523,0.002432271095,0.002418392439,0.005808422133,0.0009496771303,6.12E-05,0.002372222381,0.0001
llama2_7b,pruning,magnitude,none,0.1,unstructured,5.648074722,0.2576711251,0.2234636872,0.2308420057,0.3156779661,0.1776447106,0.2550790068,0.2336874052,0.3582089552,0.3298676749,0.3599088838,0.3085399449,0.3890784983,0.2457627119,0.125,0.281,0.281,0.002294844854,0.003996025003,0.001054530728,0.003368124528,0.002942437956,0.002799246086,0.004763251614,0.005084428922,0.001973616444,0.004718931007,0.005839364798,0.004979393791,0.00154672633,0.001342074348,0.003069074585,0.0004
llama2_7b,pruning,magnitude,none,0.2,unstructured,5.020510864,0.2604248623,0.187150838,0.2185430464,0.313559322,0.2215568862,0.2641083521,0.2367223065,0.3595658073,0.309073724,0.3690205011,0.2809917355,0.4266211604,0.2372881356,0.25,0.2801,0.2801,0.001970911236,0.003683956108,0.0009778030577,0.001850412698,0.006398682035,0.001898310221,0.003767411059,0.003015169936,0.00247411265,0.007092450625,0.003696264268,0.004729830868,0.001178331664,0.003001957493,0.002737049912,0.0004016064257
llama2_7b,pruning,magnitude,none,0.3,unstructured,4.392947006,0.2682926829,0.2458100559,0.2346263009,0.334039548,0.2095808383,0.30248307,0.2731411229,0.3772048847,0.3449905482,0.4031890661,0.2892561983,0.4539249147,0.2457627119,0.125,0.2999,0.2999,0.001707304287,0.003836481956,0.001184074082,0.001738947307,0.006764884696,0.002631657696,0.004666636166,0.00707142773,0.002656399867,0.00326388347,0.003089318059,0.004545532905,0.001201085449,0.0007425421357,0.00291110962,0.0005044390638
llama2_7b,pruning,magnitude,none,0.4,unstructured,3.765383148,0.2486231314,0.2122905028,0.2242194891,0.293079096,0.2055888224,0.2618510158,0.2761760243,0.3541383989,0.275047259,0.3804100228,0.2727272727,0.3686006826,0.1949152542,0.0625,0.2711,0.2711,0.002510945209,0.003367421518,0.002382586957,0.004025917976,0.00259313308,0.001036667779,0.002703466929,0.004811349113,0.004938159753,0.002956381346,0.003340338127,0.002930169356,0.0050405132,0.001144152299,0.002868034707,0.0001002405774
llama2_7b,pruning,magnitude,none,0.5,unstructured,3.13781929,0.1817466562,0.2234636872,0.2052980132,0.2372881356,0.1556886228,0.2212189616,0.2109256449,0.223880597,0.2429111531,0.3371298405,0.2369146006,0.2423208191,0.1525423729,0.0625,0.2156,0.2156,0.003254911422,0.007070260686,0.003541959812,0.003332124692,0.005947196637,0.003656370934,0.005071702281,0.004250210376,0.00407466221,0.00479099426,0.00405360394,0.005457747538,0.003164324835,0.002890408421,0.004024276967,0.0001002405774
llama2_7b,pruning,magnitude,none,0.6,unstructured,2.510255432,0.04956726987,0.02234636872,0.05014191107,0.05296610169,0.02195608782,0.05417607223,0.04248861912,0.02442333786,0.05765595463,0.09111617312,0.05785123967,0.02389078498,0.01694915254,0.125,0.0476,0.0476,0.001613829836,0.00308723162,0.001678417799,0.001528831949,0.002307640742,0.001853980292,0.002125453649,0.002779144341,0.002677428334,0.002083432203,0.001887157658,0.001829017215,0.00141707412,0.002294539692,0.002078837196,0
llama2_7b,pruning,magnitude,none,0.5,semistructured:24,3.13781929,0.114870181,0.1089385475,0.1059602649,0.1701977401,0.1117764471,0.1218961625,0.1047040971,0.1302578019,0.1389413989,0.2460136674,0.1928374656,0.1467576792,0.1186440678,0.0625,0.1342,0.1342,0.004679780215,0.006256949484,0.004002390196,0.004798639078,0.007082292746,0.005145958379,0.007711576522,0.007572619761,0.004750355024,0.006081581568,0.006548423595,0.009209735607,0.00409618868,0.006876187486,0.005496667839,0
llama2_7b,pruning,magnitude,none,0.5,semistructured:48,3.13781929,0.1199842644,0.1089385475,0.1002838221,0.1899717514,0.09780439122,0.1670428894,0.1380880121,0.2021709634,0.1880907372,0.3029612756,0.1900826446,0.2457337884,0.1440677966,0.0625,0.1573,0.1573,0.003728977064,0.004363293718,0.002746051418,0.003523694745,0.005979755702,0.004765658292,0.005070806551,0.006915523481,0.004033710662,0.004223039194,0.005482876551,0.006147201749,0.006170499322,0.001519205367,0.004314687125,0.0002014504432
llama2_7b,pruning,sparsegpt,none,0.1,unstructured,5.648074722,0.2710464201,0.282122905,0.2866603595,0.3693502825,0.2794411178,0.3002257336,0.2852807284,0.4409769335,0.3856332703,0.3872437358,0.3195592287,0.4300341297,0.2203389831,0.0625,0.3249,0.3249,0.001236673977,0.0009911097853,0.000631016473,0.0009250130767,0.002148425344,0.001982050632,0.003810430757,0.003708962438,0.001311002588,0.004730766564,0.001974114869,0.004987269806,0.001116309864,0.0003423945729,0.001845315808,0.0001
llama2_7b,pruning,sparsegpt,none,0.2,unstructured,5.020510864,0.3099921322,0.2597765363,0.2819299905,0.3580508475,0.2415169661,0.3227990971,0.3125948407,0.4260515604,0.3629489603,0.4145785877,0.2947658402,0.4368600683,0.2203389831,0.125,0.3299,0.3299,0.001468691681,0.002886986832,0.0003137295226,0.001722222454,0.004083708324,0.005317873337,0.004222634379,0.003599093017,0.001014764174,0.003962010685,0.003101635763,0.005070400632,0.0005437807907,0.0001111099938,0.00228677652,0.0007005604484
llama2_7b,pruning,sparsegpt,none,0.3,unstructured,4.392947006,0.3143194335,0.251396648,0.280037843,0.3665254237,0.2315369261,0.3205417607,0.3034901366,0.4219810041,0.3856332703,0.4054669704,0.3250688705,0.457337884,0.2033898305,0.25,0.3339,0.3339,0.00122640514,0.001409699443,0.0003539742163,0.001236055745,0.002830729319,0.001791070526,0.00484426266,0.002991819011,0.001191388769,0.003692895224,0.003127102574,0.002088727302,0.004222436394,0.0004675813872,0.001849011373,0.0001
llama2_7b,pruning,sparsegpt,none,0.4,unstructured,3.765383148,0.2804878049,0.2737430168,0.2715231788,0.3587570621,0.2415169661,0.2957110609,0.2761760243,0.4192672999,0.3412098299,0.4031890661,0.2975206612,0.433447099,0.2118644068,0.125,0.3149,0.3149,0.001461015621,0.002587250353,0.0005287832125,0.001085151997,0.004244425021,0.003057440122,0.003823675777,0.002180279532,0.002393228218,0.003990511297,0.003408177222,0.004293296504,0.0007000859267,5.68E-05,0.002120891031,0.0001000800641
llama2_7b,pruning,sparsegpt,none,0.5,unstructured,3.13781929,0.3013375295,0.2346368715,0.2951750237,0.3700564972,0.2315369261,0.2844243792,0.2943854325,0.3907734057,0.4206049149,0.4031890661,0.3388429752,0.4539249147,0.2033898305,0.1875,0.3315,0.3315,0.001152951763,0.001417684234,0.0005786320683,0.001178100499,0.003229639945,0.001833363528,0.002580119625,0.002865997465,0.002471416935,0.001829750514,0.001779556003,0.003629549379,0.001002329588,0.0001031949666,0.001720828976,0
llama2_7b,pruning,sparsegpt,none,0.6,unstructured,2.510255432,0.2136113297,0.2234636872,0.2270577105,0.2916666667,0.1916167665,0.2347629797,0.2124430956,0.2781546811,0.3364839319,0.3394077449,0.2231404959,0.3447098976,0.1525423729,0.125,0.2528,0.2528,0.001936479523,0.004166316468,0.0009484742109,0.001409567209,0.002198039387,0.003060533254,0.006606707081,0.003255030419,0.003352778534,0.003168248412,0.003560645707,0.007582025771,0.00270654129,0.000287641146,0.002739849082,0.0005
llama2_7b,pruning,sparsegpt,none,0.5,semistructured:24,3.13781929,0.1219512195,0.0530726257,0.06338694418,0.1673728814,0.04790419162,0.09706546275,0.1047040971,0.1533242877,0.2599243856,0.2209567198,0.1239669421,0.337883959,0.03389830508,0.0625,0.1403,0.1403,0.001124210689,0.001078633308,0.0006214395606,0.00127223567,0.001800734314,0.001127100841,0.003113849115,0.003850245224,0.003077141256,0.001399238762,0.003470670438,0.004243067287,0.001085314352,5.42E-05,0.001849150151,0
llama2_7b,pruning,sparsegpt,none,0.5,semistructured:48,3.13781929,0.1172305271,0.0782122905,0.07663197729,0.2012711864,0.07784431138,0.1083521445,0.1031866464,0.2157394844,0.2693761815,0.2551252847,0.1377410468,0.3003412969,0.03389830508,0,0.1545,0.1545,0.001419559462,0.0005756593032,0.0003001559936,0.001234013991,0.00207988569,0.001236071929,0.00228434857,0.00342135744,0.00242458802,0.002571098448,0.002024231159,0.005556946509,0.001187160314,8.53E-05,0.001769643689,0.0001000800641
llama2_7b,pruning,wanda,none,0.1,unstructured,5.648074722,0.3025177026,0.2988826816,0.2932828761,0.3453389831,0.2674650699,0.3047404063,0.2746585736,0.4138398915,0.3752362949,0.4214123007,0.3168044077,0.4744027304,0.1610169492,0.0625,0.3286,0.3286,0.001630762711,0.001616918051,0.0005348020109,0.001592444861,0.005342464636,0.001918884605,0.005156239399,0.004573738746,0.001659706553,0.004823700032,0.002360606659,0.006976934654,0.0005850699434,8.46E-05,0.002468499903,0.0007
llama2_7b,pruning,wanda,none,0.2,unstructured,5.020510864,0.2997639654,0.2625698324,0.2999053926,0.3509887006,0.253493014,0.2911963883,0.2989377845,0.4192672999,0.3960302457,0.4054669704,0.3195592287,0.4402730375,0.1525423729,0.3125,0.3297,0.3297,0.001366837002,0.002712390304,0.0006421951216,0.001174861283,0.001982312077,0.00169981203,0.006473020395,0.003571091068,0.002109350028,0.002642459743,0.001773935546,0.005106907644,0.000706281907,0.0001947391852,0.002105992646,0.0003014469453
llama2_7b,pruning,wanda,none,0.3,unstructured,4.392947006,0.3084185681,0.2932960894,0.275307474,0.3651129944,0.2674650699,0.2686230248,0.3065250379,0.4002713704,0.3790170132,0.4031890661,0.2809917355,0.4812286689,0.2881355932,0.25,0.3306,0.3306,0.001214944064,0.003707726148,0.0003527373134,0.001443338134,0.002300238028,0.002370862596,0.002993748273,0.003382572202,0.001153186827,0.003050860225,0.002396148783,0.004386647508,0.001166809836,0.0004039027798,0.001836054506,0.0001001602564
llama2_7b,pruning,wanda,none,0.4,unstructured,3.765383148,0.2958300551,0.2458100559,0.2374645222,0.3495762712,0.249500998,0.2708803612,0.2579666161,0.3975576662,0.3648393195,0.3917995444,0.2920110193,0.4607508532,0.2457627119,0.125,0.3124,0.3124,0.001226392102,0.001224762868,0.0009576195963,0.001161332004,0.002395709,0.001703397541,0.002866248729,0.003371915249,0.001531637814,0.002578028906,0.002524640178,0.004117009341,0.0006674399216,0.002284356764,0.001753394823,0.0002011263073
llama2_7b,pruning,wanda,none,0.5,unstructured,3.13781929,0.2509834776,0.2569832402,0.2421948912,0.3403954802,0.1676646707,0.2731376975,0.2564491654,0.3527815468,0.3260869565,0.3348519362,0.2809917355,0.4197952218,0.2711864407,0.25,0.2855,0.2855,0.001970837105,0.001597346059,0.0004040442362,0.001062021035,0.001872167782,0.003282741962,0.003213425736,0.003215292262,0.001752992693,0.002802111808,0.005317421566,0.003771190953,0.001590579078,0.007323113914,0.002081697754,0.0002
llama2_7b,pruning,wanda,none,0.6,unstructured,2.510255432,0.217938631,0.1675977654,0.1542100284,0.2725988701,0.129740519,0.1873589165,0.1942336874,0.2795115332,0.3506616257,0.3006833713,0.1460055096,0.3686006826,0.1694915254,0.125,0.2331,0.2331,0.002033978703,0.007953192765,0.0002766807917,0.001421216867,0.004058751179,0.001594872264,0.005980323591,0.004206780124,0.003534615654,0.002578899542,0.002903736835,0.004313004137,0.00153929025,0.0001508345042,0.002747748105,0.0004
llama2_7b,pruning,wanda,none,0.5,semistructured:24,3.13781929,0.1349331235,0.05027932961,0.1220435194,0.1829096045,0.04790419162,0.1399548533,0.1092564492,0.1614654003,0.2608695652,0.2801822323,0.1212121212,0.2901023891,0.0593220339,0.1875,0.1564,0.1564,0.00142027549,0.001089385379,0.0008066842179,0.001099892045,0.002671908102,0.00158529179,0.002370196007,0.00354110607,0.002958065415,0.001596769654,0.004085174879,0.005321396491,0.000839801355,0.001304115262,0.001962666003,0.0001041666667
llama2_7b,pruning,wanda,none,0.5,semistructured:48,3.13781929,0.1144767899,0.06145251397,0.08420056764,0.1963276836,0.0618762475,0.1038374718,0.1031866464,0.2035278155,0.247637051,0.2437357631,0.1129476584,0.3344709898,0.04237288136,0,0.1488,0.1488,0.001403167438,0.001110100291,0.0003443882055,0.001229651809,0.002069633644,0.0009427646608,0.002605713085,0.003829973781,0.002235346523,0.001665235509,0.00195785566,0.005489633862,0.001272978049,0.00252055796,0.001767186089,0
tulu2_7b,quantization,awq,4,0,unstructured,6.27563858,0.1483084186,0.1145251397,0.05203405866,0.2048022599,0.1017964072,0.1399548533,0.1138088012,0.2225237449,0.2448015123,0.2072892938,0.1873278237,0.2457337884,0.1186440678,0,0.1619,0.1619,0.0001555059853,0.0003545665387,6.44E-05,0.0002486485929,0.0004334556135,0.0004220330997,0.0003160993244,0.0003775159696,0.0004400029127,0.0001428003396,0.001047070193,0.001022639816,0.000478915363,0.0003068326587,0.0003102366945,0
tulu2_7b,none,none,none,0,unstructured,6.27563858,0.1494885917,0.156424581,0.05298013245,0.2033898305,0.1157684631,0.1218961625,0.1168437026,0.2333785617,0.2230623819,0.2574031891,0.1900826446,0.2696245734,0.1016949153,0,0.165,0.165,0.0001956759292,0.0002021155545,4.22E-05,0.0001958332392,0.0008605340073,0.0004907615288,0.0004238702476,0.0005509343518,0.0003492317585,0.0001783785319,0.001100345201,0.0006660244204,0.000117410184,0.0001628466169,0.0003284375005,0
tulu2_7b,quantization,gptq,4,0,unstructured,6.27563858,0.1298190401,0.1061452514,0.05865657521,0.2026836158,0.09181636727,0.1399548533,0.09256449165,0.210312076,0.2126654064,0.2528473804,0.1570247934,0.2218430034,0.07627118644,0.0625,0.1509,0.1509,0.0001668290022,0.0003054108033,2.63E-05,0.0002664605166,0.0002649433374,0.0006976043274,0.0003189408252,0.000515776907,0.0005100253223,0.0001508966258,0.0005449910752,0.0006635520279,0.0002673478441,2.96E-05,0.0003000718872,0
tulu2_13b,quantization,awq,4,0,unstructured,12.12196827,0.03265145555,0.008379888268,0.0151371807,0.06497175141,0.0119760479,0.03386004515,0.01517450683,0.03799185889,0.02268431002,0.02505694761,0.04407713499,0.03754266212,0,0,0.0315,0.0315,0.0002521006068,0.0003026527051,0.0002141167895,0.0002711223803,0.0005676527593,0.0003024423022,0.0003144314936,0.0004138130513,0.0002853032728,0.0002675591434,0.0005245361142,0.0003899750899,0.0004173246948,0.0001066165862,0.000306491551,0
tulu2_13b,quantization,bitsandbytes,8,0,unstructured,12.12196827,0.03383162864,0.01396648045,0.01419110691,0.05367231638,0.0119760479,0.03611738149,0.01213960546,0.0420624152,0.0236294896,0.02050113895,0.0523415978,0.04778156997,0.008474576271,0,0.0311,0.0311,0.0002081282213,0.0002838620271,0.0001515348298,0.0002379881931,0.0002759269643,0.000284175056,0.0003111708582,0.0003480343397,0.0002733931897,0.000255548801,0.0006402431457,0.0003105651841,0.0004608200578,0.0001491481124,0.0002635142919,0
tulu2_13b,pruning,gblm,none,0.1,unstructured,10.90977144,0.03501180173,0.01675977654,0.01608325449,0.05790960452,0.01796407186,0.03386004515,0.01517450683,0.03663500678,0.02268431002,0.03189066059,0.05509641873,0.04436860068,0,0,0.0326,0.0326,0.0001809661839,0.0002408314016,0.0001417679922,0.0002075359633,0.0004697156691,0.0002920876787,0.000300129591,0.0003751835695,0.000245712089,0.0002123866104,0.001069633723,0.0003428375019,0.0004106497187,9.77E-05,0.0002720920756,0
tulu2_13b,pruning,gblm,none,0.2,unstructured,9.697574615,0.03855232101,0.005586592179,0.01135288553,0.06355932203,0.0119760479,0.04514672686,0.01517450683,0.04070556309,0.02646502836,0.04555808656,0.0523415978,0.05460750853,0,0,0.0351,0.0351,0.0001784253819,0.0002147111261,0.0001647762486,0.0002114666179,0.0005884337843,0.0003572084508,0.0003136680657,0.0004047220879,0.0002743865845,0.0002941039311,0.0007144024043,0.0003176940198,0.000362724212,0.0002653838754,0.0002780937885,0
tulu2_13b,pruning,gblm,none,0.3,unstructured,8.485377789,0.04012588513,0.005586592179,0.01986754967,0.06709039548,0.01397205589,0.04740406321,0.02579666161,0.03799185889,0.02835538752,0.0410022779,0.04958677686,0.0409556314,0,0,0.0371,0.0371,0.0001865626884,0.0001949844823,0.0001806994818,0.0002420441228,0.0004548551263,0.0003948843697,0.0004046679239,0.0003227026914,0.000471760734,0.0003067270538,0.0005550994686,0.0004448364459,0.000323624438,0.0003179624845,0.000299399417,0
tulu2_13b,pruning,gblm,none,0.4,unstructured,7.273180962,0.03619197482,0.01675977654,0.02081362346,0.07062146893,0.01596806387,0.04514672686,0.02731411229,0.04613297151,0.04631379962,0.03416856492,0.05509641873,0.0614334471,0,0,0.0402,0.0402,0.00024117585,0.0002521717211,0.0001737726136,0.0002407819069,0.0003842302689,0.0003850029079,0.0003224687291,0.0003379099749,0.0002775895442,0.0001975332295,0.0003818718169,0.0005470321601,0.0002203839467,0.0002575363719,0.0002762006122,0
tulu2_13b,pruning,gblm,none,0.5,unstructured,6.060984135,0.04563335956,0,0.0151371807,0.06214689266,0.01397205589,0.04063205418,0.02579666161,0.05427408412,0.05293005671,0.03189066059,0.0523415978,0.1092150171,0,0,0.0423,0.0423,0.0006780501612,0.0006807920705,0.0003114099161,0.0004280480903,0.0009505389498,0.0008258454862,0.0008990651231,0.0008728084354,0.0007480695164,0.0006264553707,0.001003255259,0.0008179608721,0.0005446883082,0.0005541412533,0.0006723871877,0
tulu2_13b,pruning,gblm,none,0.6,unstructured,4.848787308,0.1302124312,0.03910614525,0.01892147588,0.1207627119,0.02994011976,0.07223476298,0.06373292868,0.1085481682,0.1228733459,0.1480637813,0.1239669421,0.2116040956,0,0.125,0.1009,0.1009,0.0007483083028,0.0008647671687,0.0003045768956,0.0004863204663,0.0008206899344,0.001233562415,0.000875910815,0.0008701135829,0.001161692409,0.000843150373,0.00186718805,0.001022917791,0.0004340667473,0.0003374163225,0.0008031822951,0
tulu2_13b,pruning,gblm,none,0.5,semistructured:24,6.060984135,0.1439811172,0.03351955307,0.01702932829,0.1814971751,0.0119760479,0.07674943567,0.1122913505,0.1668928087,0.2155009452,0.2164009112,0.1239669421,0.2627986348,0.08474576271,0.0625,0.1346,0.1346,0.001541764901,0.00159453703,0.000851166548,0.001033055341,0.002243851987,0.00316294996,0.002028834746,0.002790811086,0.002430381801,0.001610453636,0.004161580231,0.004951921732,0.002556130225,0.0007020703696,0.001932444286,0
tulu2_13b,pruning,gblm,none,0.5,semistructured:48,6.060984135,0.06058221873,0.008379888268,0.009460737938,0.08686440678,0,0.03386004515,0.03490136571,0.05563093623,0.05293005671,0.05466970387,0.03581267218,0.06484641638,0,0,0.0481,0.0481,0.0009620284079,0.0007245036792,0.0007156175288,0.001065583597,0.001025595626,0.002176609133,0.001331931207,0.001640604973,0.001470806644,0.001053079082,0.002860065827,0.001520632718,0.0006583592537,0.0001647733828,0.001211445847,0
tulu2_13b,quantization,gptq,4,0,unstructured,12.12196827,0.02832415421,0.01396648045,0.01892147588,0.04943502825,0.01397205589,0.02708803612,0.01972685888,0.03799185889,0.01228733459,0.02733485194,0.04132231405,0.0614334471,0.01694915254,0,0.0287,0.0287,0.000262891438,0.0003396621889,0.000267402531,0.0003336428755,0.0004627637553,0.0003711494435,0.0003372448305,0.0002798101651,0.0002982855626,0.0003217832407,0.0003496057597,0.0003517531405,0.0003629917722,0.0001530889988,0.0003101839533,0
tulu2_13b,pruning,magnitude,none,0.1,unstructured,10.90977144,0.03265145555,0.01117318436,0.008514664144,0.03813559322,0.007984031936,0.02934537246,0.02124430956,0.03663500678,0.01323251418,0.03189066059,0.02479338843,0.05119453925,0.008474576271,0,0.0261,0.0261,0.0002303334229,0.0003054792238,0.0001986609418,0.0002840833621,0.00041745361,0.0002869943527,0.0003220480684,0.000343900717,0.0002467481088,0.000315643791,0.0004662093125,0.0002842251147,0.0004791693411,0.0002358788863,0.0002821538148,0
tulu2_13b,pruning,magnitude,none,0.2,unstructured,9.697574615,0.03658536585,0.01117318436,0.01419110691,0.04519774011,0.01996007984,0.03386004515,0.02579666161,0.05020352782,0.02741020794,0.03416856492,0.04407713499,0.07508532423,0.008474576271,0,0.0338,0.0338,0.0002098725621,0.0003024719423,0.0001603990923,0.000256979086,0.0003181505965,0.0002412959555,0.0003291139225,0.0004570002524,0.0002502799955,0.0002655958507,0.000517224753,0.0003987668538,0.0004254550534,0.0002683045086,0.0002735668708,0
tulu2_13b,pruning,magnitude,none,0.3,unstructured,8.485377789,0.04327301338,0.01117318436,0.01892147588,0.04872881356,0.01796407186,0.04288939052,0.02731411229,0.06512890095,0.02835538752,0.04555808656,0.06060606061,0.08873720137,0.008474576271,0,0.0396,0.0396,0.000247250965,0.0004346204419,0.0001570784813,0.0002517493161,0.0003848891778,0.0003040108673,0.0003771239456,0.0004221875595,0.0002527826623,0.0002322009372,0.0006201209386,0.0004000905632,0.0005254425986,2.95E-05,0.0002967983045,0
tulu2_13b,pruning,magnitude,none,0.4,unstructured,7.273180962,0.04445318647,0.0251396648,0.0302743614,0.07344632768,0.01996007984,0.06320541761,0.03034901366,0.05291723202,0.04631379962,0.05011389522,0.06336088154,0.07849829352,0.008474576271,0,0.0473,0.0473,0.0002452143554,0.0002160763619,0.0001413621329,0.000194490121,0.000267719853,0.0002802384162,0.0003191004691,0.0003485155082,0.000269393116,0.0002306216818,0.0003483981065,0.0003069938178,0.0003170042661,0.0001178160621,0.0002492894515,0
tulu2_13b,pruning,magnitude,none,0.5,unstructured,6.060984135,0.089693155,0.01675977654,0.02175969726,0.09957627119,0.03193612774,0.0993227991,0.04552352049,0.09633649932,0.07466918715,0.07972665148,0.1763085399,0.1126279863,0.01694915254,0,0.0772,0.0772,0.0003881826347,0.0006108582936,0.0001849976357,0.0004659925949,0.0005594426658,0.001205740492,0.0005911413207,0.000611296709,0.001176576977,0.0003548438914,0.001733428997,0.0008368779318,0.000335059473,0.0003946499334,0.0006036233446,0
tulu2_13b,pruning,magnitude,none,0.6,unstructured,4.848787308,0.1864673485,0.04469273743,0.1267738884,0.1751412429,0.05788423154,0.1625282167,0.186646434,0.196743555,0.2344045369,0.2277904328,0.2892561983,0.2184300341,0.08474576271,0,0.1768,0.1768,0.0008431270647,0.0008507957887,0.0005228835889,0.000997871739,0.002262348365,0.002598043414,0.001887860709,0.002319694186,0.003426713807,0.001371023612,0.003666644416,0.008954895385,0.0003665317255,4.62E-05,0.001787768224,0.0002
tulu2_13b,pruning,magnitude,none,0.5,semistructured:24,6.060984135,0.1353265146,0.03631284916,0.05487228004,0.165960452,0.03592814371,0.1128668172,0.07132018209,0.1370420624,0.2183364839,0.1731207289,0.1790633609,0.1638225256,0.07627118644,0.0625,0.1296,0.1296,0.0002200853745,7.65E-05,5.11E-05,0.0002039091859,0.0001473534442,0.0005963595881,0.0003382765398,0.0002969663692,0.0005788443467,0.000177204832,0.001010527387,0.000422459799,0.0006890631136,1.66E-05,0.0002971784606,0
tulu2_13b,pruning,magnitude,none,0.5,semistructured:48,6.060984135,0.1018882769,0.01117318436,0.03878902554,0.1553672316,0.02794411178,0.1151241535,0.062215478,0.1370420624,0.1436672968,0.1093394077,0.1928374656,0.2081911263,0.008474576271,0,0.1063,0.1063,0.0004561856759,0.000639386282,0.0003678443348,0.0006179596427,0.001076740981,0.0006341831892,0.0007282004387,0.0007296440894,0.001170434769,0.0004784495518,0.001367324288,0.001607329267,0.0005057945122,7.76E-05,0.0006966960132,0
tulu2_13b,none,none,none,0,unstructured,12.12196827,0.03343823761,0.01117318436,0.01419110691,0.05437853107,0.0119760479,0.02708803612,0.01365705615,0.0420624152,0.02457466919,0.03644646925,0.04683195592,0.04436860068,0,0,0.0311,0.0311,0.0001934385013,0.0002666054179,0.0001573695267,0.000240497477,0.0004838801804,0.0003062415189,0.0002934824409,0.000406537835,0.0002388763501,0.0003021162123,0.001282209023,0.0003143579166,0.0004002358624,0.0001222924055,0.0002957255154,0
tulu2_13b,pruning,sparsegpt,none,0.1,unstructured,10.90977144,0.03304484658,0.01117318436,0.01702932829,0.05367231638,0.0119760479,0.03611738149,0.02731411229,0.05020352782,0.02173913043,0.02961275626,0.04683195592,0.04436860068,0.008474576271,0,0.0326,0.0326,0.0001767837275,0.0002276700032,0.0001558867503,0.0001885875942,0.0003613295446,0.0002702837298,0.0003472153714,0.0003693584968,0.0002462754603,0.0001920247082,0.0004940112041,0.0002774415524,0.0003439434428,5.32E-05,0.0002411408277,0
tulu2_13b,pruning,sparsegpt,none,0.2,unstructured,9.697574615,0.04287962234,0.01955307263,0.0151371807,0.07344632768,0.0119760479,0.04966139955,0.02579666161,0.07055630936,0.02835538752,0.04555808656,0.06336088154,0.05802047782,0.01694915254,0,0.0425,0.0425,0.0001492368209,0.0001753917517,0.0001076789251,0.0001171731707,0.000251642235,0.0002491606857,0.0002649515367,0.0002689867923,0.000175583186,0.0001445277946,0.001221739687,0.0003359934866,0.0002968843573,8.56E-05,0.0002158734834,0
tulu2_13b,pruning,sparsegpt,none,0.3,unstructured,8.485377789,0.03619197482,0.01117318436,0.0151371807,0.04872881356,0.0119760479,0.04288939052,0.01820940819,0.0434192673,0.01890359168,0.02050113895,0.0523415978,0.03754266212,0,0,0.0309,0.0309,0.0002290517492,0.0002427611694,0.0001834018719,0.000183967612,0.0003347423158,0.0004741691381,0.0003770842763,0.0003330633434,0.0002742397052,0.000294691088,0.0007200269068,0.0003870466184,0.0004134732686,0.0001702315502,0.0002841043986,0
tulu2_13b,pruning,sparsegpt,none,0.4,unstructured,7.273180962,0.03265145555,0.01117318436,0.01608325449,0.05296610169,0.01796407186,0.04514672686,0.02731411229,0.0434192673,0.03686200378,0.05922551253,0.05509641873,0.06484641638,0.01694915254,0,0.0364,0.0364,0.0002332389573,0.000259974581,0.0002287929542,0.0002960478331,0.000456195152,0.0006859080635,0.0003802548209,0.0004737687845,0.0003105137443,0.0002765038204,0.0004655629583,0.0003782697648,0.0005425827657,8.57E-05,0.000327430625,0
tulu2_13b,pruning,sparsegpt,none,0.5,unstructured,6.060984135,0.04209284028,0.002793296089,0.00756859035,0.06355932203,0.01596806387,0.03611738149,0.02883156297,0.0434192673,0.04536862004,0.04783599089,0.07713498623,0.06484641638,0,0,0.0397,0.0397,0.000515943243,0.000693403819,0.0005800783066,0.0005231600498,0.0007583060274,0.0005995795356,0.0009307609345,0.0008458949897,0.0008117133022,0.00051436442,0.001280901983,0.001085086678,0.0005507846187,0.0001549295902,0.0006730992738,0
tulu2_13b,pruning,sparsegpt,none,0.6,unstructured,4.848787308,0.07513768686,0.008379888268,0.02175969726,0.1228813559,0.00998003992,0.08126410835,0.05918057663,0.1017639077,0.1190926276,0.1002277904,0.09366391185,0.1638225256,0,0,0.0798,0.0798,0.0004057952781,0.0006320775763,0.0002653291341,0.0004286625877,0.0005193537474,0.001027714577,0.000600902413,0.0007336971713,0.000646227605,0.0004391708189,0.001392748263,0.001997188384,0.0001447643194,5.29E-05,0.0005782634715,0
tulu2_13b,pruning,sparsegpt,none,0.5,semistructured:24,6.060984135,0.05743509048,0.01117318436,0.01419110691,0.1002824859,0.007984031936,0.07223476298,0.05614567527,0.09362279512,0.1483931947,0.08200455581,0.06611570248,0.1160409556,0,0.1875,0.0703,0.0703,0.0004843819055,0.0002541346832,0.0002528971466,0.0002571948031,0.000341829311,0.0003914462471,0.0003662468308,0.0005326463308,0.0006142511993,0.0003537785737,0.001306333011,0.0004663010523,0.0003210589968,0.0002090719557,0.0004389605092,0
tulu2_13b,pruning,sparsegpt,none,0.5,semistructured:48,6.060984135,0.03658536585,0.005586592179,0.01135288553,0.0656779661,0.005988023952,0.01805869074,0.03338391502,0.03256445047,0.03119092628,0.0569476082,0.05785123967,0.0614334471,0,0,0.0354,0.0354,0.0002620359628,0.0001972646554,0.0001071053591,0.0001994047204,0.0002663685503,0.0003087591897,0.0004231605294,0.0002532436841,0.0002806310465,0.0001802956576,0.001737730246,0.0003960869181,0.0001826558622,2.97E-05,0.0003012498604,0
tulu2_13b,pruning,wanda,none,0.1,unstructured,10.90977144,0.03422501967,0.002793296089,0.0151371807,0.05437853107,0.0119760479,0.03386004515,0.02579666161,0.05291723202,0.02173913043,0.02505694761,0.0523415978,0.04436860068,0.008474576271,0,0.0325,0.0325,0.0001942921922,0.0002436705401,0.0001552808355,0.0002092308997,0.0003449501615,0.0002490958383,0.0003253597298,0.0004003696615,0.0002164562664,0.0002000223498,0.0004348029599,0.0002822735283,0.0003826788311,5.84E-05,0.0002437631566,0
tulu2_13b,pruning,wanda,none,0.2,unstructured,9.697574615,0.04602675059,0.01675977654,0.01986754967,0.07415254237,0.0119760479,0.04966139955,0.02579666161,0.06241519674,0.01890359168,0.02961275626,0.05785123967,0.0614334471,0.01694915254,0,0.0414,0.0414,0.0002193734644,0.0002520858997,0.0001978633739,0.0002079403396,0.0005694633133,0.0002759247447,0.0003305671395,0.0004673251294,0.0002687118993,0.0002152023466,0.0004070643514,0.0005824171076,0.0004612842324,0.0001637477914,0.0002875512449,0
tulu2_13b,pruning,wanda,none,0.3,unstructured,8.485377789,0.0550747443,0.01675977654,0.01702932829,0.06426553672,0.02594810379,0.06094808126,0.02883156297,0.05563093623,0.03119092628,0.03872437358,0.04407713499,0.07167235495,0.01694915254,0,0.0444,0.0444,0.0002650103099,0.0003616723706,0.0001998912396,0.0002062574603,0.0004351128083,0.0003005944167,0.0005596369051,0.0002957111306,0.0002935155073,0.0002090105703,0.0003856978571,0.0002740445388,0.0003525749113,5.81E-05,0.0002909507564,0
tulu2_13b,pruning,wanda,none,0.4,unstructured,7.273180962,0.0397324941,0.008379888268,0.0151371807,0.06214689266,0.01596806387,0.05869074492,0.02276176024,0.03663500678,0.0359168242,0.03644646925,0.04132231405,0.0409556314,0,0,0.0365,0.0365,0.0002463504316,0.0002681179148,0.0002014095224,0.0002689582376,0.0003962429684,0.0007958348895,0.0004981329841,0.000338591506,0.0002828182433,0.0002918693699,0.0007467348396,0.0004584304599,0.0004068491563,0.0001190873527,0.0003327478724,0
tulu2_13b,pruning,wanda,none,0.5,unstructured,6.060984135,0.04051927616,0.01396648045,0.01797540208,0.0854519774,0.01397205589,0.05869074492,0.02731411229,0.05563093623,0.07939508507,0.05466970387,0.04683195592,0.0614334471,0,0.0625,0.0484,0.0484,0.0003148856154,0.0002310628568,0.0001907935899,0.0002851638677,0.0003463213552,0.0002853572672,0.0002950378277,0.0003686078092,0.000382365547,0.000296560421,0.0003975703469,0.0005162442068,0.0008480758487,5.58E-05,0.0003185911009,0
tulu2_13b,pruning,wanda,none,0.6,unstructured,4.848787308,0.1483084186,0.01675977654,0.02649006623,0.1447740113,0.02195608782,0.09255079007,0.06828528073,0.1411126187,0.1758034026,0.1207289294,0.09090909091,0.1433447099,0.08474576271,0.0625,0.1142,0.1142,0.0004650975549,0.0006407722858,0.0003503271868,0.0004254778384,0.001002867762,0.0009939091609,0.0007694719867,0.001055005715,0.0008919320264,0.0006925216785,0.001378215035,0.001476043136,0.0004780832059,0.000957955327,0.0006864001578,0
tulu2_13b,pruning,wanda,none,0.5,semistructured:24,6.060984135,0.1715184894,0.05586592179,0.06433301798,0.2139830508,0.05788423154,0.1534988713,0.1365705615,0.2116689281,0.2419659735,0.3621867882,0.1597796143,0.2150170648,0.02542372881,0.1875,0.1712,0.1712,0.0006434923467,0.0005939126992,0.0003221505222,0.000363388796,0.0004684098239,0.0008976229703,0.0007604453802,0.0006953267967,0.0007405367008,0.0004821058484,0.002030806632,0.00101872873,0.0003706344213,0.0003159014575,0.0006428951488,0
tulu2_13b,pruning,wanda,none,0.5,semistructured:48,6.060984135,0.04642014162,0.008379888268,0.01229895932,0.06920903955,0.007984031936,0.05643340858,0.01365705615,0.03799185889,0.06238185255,0.02961275626,0.04132231405,0.1228668942,0,0,0.0428,0.0428,0.0006053191257,0.000439193681,0.0006174093999,0.0003951190788,0.0008386245445,0.0004505693798,0.0005133401185,0.0008318745452,0.000893904969,0.0004222201579,0.0009064587565,0.0006600519416,0.0002730649744,0.0001800974869,0.0006167827797,0
tulu2_7b,none,none,none,0,unstructured,6.27563858,0.1077891424,0.06703910615,0.02081362346,0.1271186441,0.04790419162,0.1038374718,0.08042488619,0.1153324288,0.1275992439,0.1617312073,0.1625344353,0.180887372,0.03389830508,0.1875,0.1033,0.1033,0.0002367271053,0.0003084414001,0.0001896588345,0.0002372611486,0.0003305586376,0.0004447541484,0.0004173808716,0.0003256060177,0.0006670252381,0.0002063394976,0.000869300299,0.0005595079923,0.0003360636708,0.000116998695,0.0003443590176,0
tulu2_7b,quantization,awq,4,0,unstructured,6.27563858,0.07907159717,0.07262569832,0.02649006623,0.1313559322,0.04790419162,0.08126410835,0.08952959029,0.1139755767,0.09829867675,0.1503416856,0.1349862259,0.1672354949,0.04237288136,0,0.0917,0.0917,0.0002811615915,0.0004752390911,0.0003602364712,0.0002447451281,0.0002675121411,0.0004383056776,0.000336062392,0.0004408477299,0.0002705660428,0.0001947838752,0.0006327056153,0.0007103666303,0.0002326426765,8.65E-05,0.00033255601,0
tulu2_7b,quantization,bitsandbytes,8,0,unstructured,6.27563858,0.1038552321,0.06145251397,0.02365184484,0.1447740113,0.0499001996,0.09255079007,0.06828528073,0.1221166893,0.1238185255,0.132118451,0.1542699725,0.1672354949,0.01694915254,0.125,0.1015,0.1015,0.0001713031798,0.0002312476213,0.0002557191383,0.0002197446958,0.0003167510119,0.0003305736064,0.0003236438456,0.000299491948,0.0009159448848,0.000204763013,0.0006484302195,0.0002894157817,0.0002077916664,0.0002199767558,0.0003246014864,0
tulu2_7b,pruning,gblm,none,0.1,unstructured,5.648074722,0.1054287962,0.07262569832,0.01419110691,0.125,0.05588822355,0.09255079007,0.07435508346,0.1194029851,0.1238185255,0.15261959,0.1652892562,0.1740614334,0.03389830508,0,0.1005,0.1005,0.0002090493447,0.0003626487107,0.0002664930016,0.0002499337725,0.0003876035998,0.0004286117321,0.0004931753511,0.0003774126913,0.0007005727069,0.0002511373304,0.0008739514465,0.0003112171769,0.0003183634155,0.0001112116898,0.0003583273598,0
tulu2_7b,pruning,gblm,none,0.2,unstructured,5.020510864,0.1054287962,0.05586592179,0.02081362346,0.1334745763,0.05189620758,0.0835214447,0.07587253414,0.118046133,0.1436672968,0.1503416856,0.1680440771,0.1501706485,0.04237288136,0,0.1027,0.1027,0.0002176306769,0.000219607942,0.0002476336505,0.0002049761684,0.0003216990767,0.0003534289871,0.0003208788588,0.0002842204803,0.0003270928315,0.0002107388549,0.0007625546798,0.000570150046,0.0002617964009,0.0002472966924,0.0002839790395,0
tulu2_7b,pruning,gblm,none,0.3,unstructured,4.392947006,0.1136900079,0.03910614525,0.01608325449,0.1504237288,0.04391217565,0.07900677201,0.08194233687,0.1628222524,0.1436672968,0.1662870159,0.1625344353,0.1706484642,0.06779661017,0,0.1106,0.1106,0.0002820748161,0.0001887814198,0.0001544514468,0.0002273921773,0.0003568505424,0.0002782897561,0.0003372421514,0.0004122149156,0.0003954046735,0.0001892293056,0.0008877617891,0.0005175138988,0.0003515550314,0.00017387759,0.0003117534334,0
tulu2_7b,pruning,gblm,none,0.4,unstructured,3.765383148,0.1140833989,0.03910614525,0.02175969726,0.1694915254,0.05988023952,0.07900677201,0.07132018209,0.184531886,0.1767485822,0.1662870159,0.1680440771,0.1843003413,0.06779661017,0,0.1198,0.1198,0.0001951453267,0.0001472421817,0.0001152835511,0.0001612317283,0.0002939626853,0.0003268541506,0.0002985844034,0.0004186615314,0.0002496067821,0.000267732867,0.001236557062,0.0004926355765,0.0001575184572,6.09E-05,0.00026907165,0
tulu2_7b,pruning,gblm,none,0.5,unstructured,3.13781929,0.1349331235,0.06145251397,0.04068117313,0.2139830508,0.04191616766,0.1173814898,0.08952959029,0.2089552239,0.190926276,0.2095671982,0.1790633609,0.2423208191,0.09322033898,0,0.1438,0.1438,0.0001632273073,5.31E-05,6.54E-05,0.000143048377,0.0001476598117,0.0005542013243,0.0003285443104,0.0002354519219,0.0001068539173,0.0001220595262,0.001107827776,0.0002999544063,5.41E-05,1.33E-05,0.0002078377129,0
tulu2_7b,pruning,gblm,none,0.6,unstructured,2.510255432,0.1195908733,0.03072625698,0.01135288553,0.197740113,0.02594810379,0.1038374718,0.1077389985,0.1899592944,0.2277882798,0.2346241458,0.1212121212,0.2627986348,0.03389830508,0.0625,0.1347,0.1347,0.000291459232,0.0001289458444,0.0001702933745,0.0003937033741,0.0002759333947,0.0008934538643,0.00042755853,0.0003252479008,0.000723505445,0.0004602724008,0.0006402917819,0.001041265129,0.0002079725551,1.60E-05,0.0004109889072,0
tulu2_7b,pruning,gblm,none,0.5,semistructured:24,3.13781929,0.08221872541,0.008379888268,0.01040681173,0.1483050847,0.007984031936,0.06997742664,0.07283763278,0.1004070556,0.1918714556,0.1799544419,0.07438016529,0.1877133106,0.02542372881,0.0625,0.0958,0.0958,0.0009683340508,0.0005600712454,0.000400589729,0.0005297970986,0.0005998880745,0.0002363252747,0.0003068614922,0.000329843182,0.0006541994261,0.001374322148,0.000713508329,0.0005490336737,0.0002268767058,0.0001180934685,0.0004826177414,0
tulu2_7b,pruning,gblm,none,0.5,semistructured:48,3.13781929,0.09913453973,0.01675977654,0.01324503311,0.1850282486,0.02794411178,0.1106094808,0.08194233687,0.1641791045,0.263705104,0.2072892938,0.1404958678,0.2320819113,0.03389830508,0,0.1265,0.1265,0.0004544022229,0.0003913221749,0.0001897231775,0.0003886896966,0.0002468368919,6.47E-05,0.000215001732,0.0001470402419,0.0002195851777,0.0007378245099,0.0005777949173,0.0001088783872,4.60E-05,1.45E-05,0.0002548305917,0
tulu2_7b,quantization,gptq,4,0,unstructured,6.27563858,0.1203776554,0.06424581006,0.02743614002,0.1475988701,0.06387225549,0.1128668172,0.08497723824,0.1478968792,0.1398865784,0.1708428246,0.1763085399,0.1740614334,0.1271186441,0.0625,0.1168,0.1168,0.0001909823498,0.0002100864437,0.0001646757907,0.000324486131,0.0003454787307,0.0003007609928,0.0004419196496,0.0003056506908,0.0003930153633,0.0003239476918,0.0008273895768,0.0005256545807,0.0003257353417,8.23E-05,0.000306925453,0
tulu2_7b,pruning,magnitude,none,0.1,unstructured,5.648074722,0.09480723839,0.04469273743,0.02649006623,0.1334745763,0.03992015968,0.09029345372,0.06373292868,0.1153324288,0.1238185255,0.1503416856,0.1763085399,0.1843003413,0.02542372881,0,0.0979,0.0979,0.0002595138212,0.0002778730086,0.000182262604,0.0002141263091,0.0003274021059,0.0003641024409,0.0003271643167,0.0005317804783,0.001173774723,0.000264950153,0.001203517307,0.0005812547295,0.000452225414,0.0001784244292,0.0004209435012,0
tulu2_7b,pruning,magnitude,none,0.2,unstructured,5.020510864,0.1097560976,0.05865921788,0.02081362346,0.1504237288,0.05189620758,0.09029345372,0.06069802731,0.1546811398,0.1597353497,0.1822323462,0.1597796143,0.180887372,0.008474576271,0,0.1116,0.1116,0.0002791700576,0.0002574983382,0.0002039765852,0.000183187315,0.0003046403044,0.0003441471263,0.0003074581365,0.0002998707718,0.0003398654958,0.0001612045764,0.000811839055,0.0007814250974,0.0003524698299,7.44E-05,0.0003002854992,0
tulu2_7b,pruning,magnitude,none,0.3,unstructured,4.392947006,0.089693155,0.02234636872,0.02081362346,0.1101694915,0.0379241517,0.05643340858,0.05614567527,0.1166892809,0.1020793951,0.1343963554,0.1349862259,0.1228668942,0.02542372881,0,0.0836,0.0836,0.0002692957071,0.0003697124126,0.0002508014061,0.000214065272,0.0003556471054,0.0005115092146,0.000385535605,0.0003552495584,0.0003830739218,0.000403107304,0.0004876806049,0.0006365931645,0.0002397785502,0.0001169198511,0.0003281755672,0
tulu2_7b,pruning,magnitude,none,0.4,unstructured,3.765383148,0.1046420142,0.06703910615,0.02743614002,0.1391242938,0.04391217565,0.09480812641,0.07283763278,0.1411126187,0.1049149338,0.1571753986,0.1873278237,0.1194539249,0.1016949153,0.0625,0.1028,0.1028,0.0002924234987,0.0002698105295,0.0002388897442,0.0002641235175,0.0003333697302,0.0005014557963,0.0003338319098,0.000497922177,0.00040048924,0.0003647505583,0.001443945181,0.0003673730964,0.0002662215611,0.0001146003873,0.0003691674296,0
tulu2_7b,pruning,magnitude,none,0.5,unstructured,3.13781929,0.1833202203,0.1396648045,0.07663197729,0.2019774011,0.1077844311,0.144469526,0.1183611533,0.1831750339,0.2173913043,0.2437357631,0.2011019284,0.2081911263,0.1694915254,0.125,0.1707,0.1707,0.0003993561036,0.000231616699,0.0001456652191,0.0003420529046,0.0005008984181,0.001208582171,0.000672580921,0.001106544675,0.0004091863868,0.0006785529422,0.0017106946,0.0007577244756,0.0006856493006,3.59E-05,0.0005435334875,0
tulu2_7b,pruning,magnitude,none,0.6,unstructured,2.510255432,0.1333595594,0.08100558659,0.06906338694,0.1242937853,0.05588822355,0.1218961625,0.1062215478,0.1397557666,0.1578449905,0.1936218679,0.1570247934,0.1877133106,0.06779661017,0,0.1244,0.1244,0.001773116922,0.002464143147,0.001029333003,0.001841602713,0.002275929676,0.002185856034,0.002801325225,0.004843724,0.002555320244,0.00290908165,0.003709648563,0.003323934977,0.001452900102,0.0007067854892,0.002309334124,0
tulu2_7b,pruning,magnitude,none,0.5,semistructured:24,3.13781929,0.2226593234,0.1089385475,0.09933774834,0.2605932203,0.129740519,0.1986455982,0.1714719272,0.2618724559,0.3336483932,0.30523918,0.2782369146,0.3344709898,0.1949152542,0.0625,0.2248,0.2248,0.0006444679302,0.0005479533713,0.0003024485305,0.0005505644987,0.0009518244546,0.001596876145,0.001199645692,0.0007943425011,0.0008051142069,0.0004455252564,0.002550650814,0.001142342471,0.001165657461,0.000947261718,0.0007949986994,0
tulu2_7b,pruning,magnitude,none,0.5,semistructured:48,3.13781929,0.2022029898,0.1061452514,0.1031220435,0.2422316384,0.08582834331,0.1738148984,0.1350531108,0.2740841248,0.247637051,0.2733485194,0.2672176309,0.2935153584,0.1271186441,0.0625,0.1996,0.1996,0.0004923044279,0.0002181386114,0.0001713453153,0.0003026496583,0.0003837663078,0.0006234384805,0.0003634429563,0.001267075642,0.0006490368579,0.0002235538288,0.001363235963,0.0004768611942,0.0001589797849,1.92E-05,0.0005023730931,0
tulu2_7b,pruning,sparsegpt,none,0.1,unstructured,5.648074722,0.10306845,0.06703910615,0.02649006623,0.1419491525,0.06786427146,0.1038374718,0.09104704097,0.1370420624,0.1275992439,0.1731207289,0.1680440771,0.1774744027,0.03389830508,0,0.1084,0.1084,0.0002200748026,0.000199899461,0.0001339710978,0.0001740118761,0.0004158917228,0.0004966210173,0.0003567374416,0.00031297734,0.0004911401294,0.0002498367737,0.000751290991,0.0006448497199,0.0002476979437,5.70E-05,0.0003032516612,0
tulu2_7b,pruning,sparsegpt,none,0.2,unstructured,5.020510864,0.09913453973,0.04748603352,0.02554399243,0.1475988701,0.05389221557,0.06094808126,0.06980273141,0.1383989145,0.1446124764,0.1640091116,0.1625344353,0.1774744027,0.02542372881,0,0.1046,0.1046,0.0002046901313,0.0003502295361,0.0001109072948,0.0001642243786,0.0002346629508,0.0003640988607,0.0002657848648,0.000287217166,0.0002913789256,0.0001524603731,0.001074774789,0.0004176146062,0.0002123876288,6.98E-05,0.0002575732623,0
tulu2_7b,pruning,sparsegpt,none,0.3,unstructured,4.392947006,0.1132966168,0.06983240223,0.02081362346,0.1419491525,0.03393213573,0.06320541761,0.06980273141,0.1424694708,0.1238185255,0.1708428246,0.132231405,0.1467576792,0.01694915254,0,0.1031,0.1031,0.0002153520865,0.0002909750298,0.0001402882527,0.0001949709293,0.0002875714842,0.0004171703517,0.0002649264932,0.000257282132,0.0003092066763,0.0002117127116,0.0004794831469,0.0003064902272,0.0001961702653,4.72E-05,0.0002476880607,0
tulu2_7b,pruning,sparsegpt,none,0.4,unstructured,3.765383148,0.1247049567,0.06703910615,0.03500473037,0.156779661,0.0618762475,0.0993227991,0.07890743551,0.1492537313,0.1550094518,0.1890660592,0.1818181818,0.1433447099,0.1101694915,0.0625,0.1206,0.1206,0.000219823627,0.0002871204391,0.0001338887438,0.000183792094,0.0003391581679,0.0003200371264,0.0002638841653,0.0003483201367,0.0003509655308,0.0002045536657,0.001275758249,0.0002564721028,0.0002297462764,4.17E-05,0.0002832801274,0
tulu2_7b,pruning,sparsegpt,none,0.5,unstructured,3.13781929,0.1349331235,0.04748603352,0.03500473037,0.1871468927,0.05788423154,0.1309255079,0.07283763278,0.1370420624,0.156899811,0.1822323462,0.1790633609,0.1979522184,0.06779661017,0.0625,0.1276,0.1276,0.0001138048575,4.41E-05,3.44E-05,0.000124239412,0.0001227317934,0.0006171643682,0.000361403902,0.000200785681,7.36E-05,9.36E-05,0.0006679775974,0.0001720813504,5.70E-05,3.85E-05,0.0001657637683,0
tulu2_7b,pruning,sparsegpt,none,0.6,unstructured,2.510255432,0.1337529504,0.03910614525,0.03500473037,0.1998587571,0.01596806387,0.1173814898,0.09408194234,0.1478968792,0.1975425331,0.2164009112,0.1239669421,0.2320819113,0.01694915254,0.0625,0.1325,0.1325,0.0004745504305,0.0001652565375,0.0001601925447,0.0005999414176,0.000528334048,0.0009765922502,0.0006080381029,0.0005453695187,0.0006783000522,0.0002670798715,0.001246102708,0.0009978555622,0.0001933103394,1.79E-05,0.0005386963877,0
tulu2_7b,pruning,sparsegpt,none,0.5,semistructured:24,3.13781929,0.1136900079,0.03631284916,0.03216650899,0.1920903955,0.01397205589,0.1376975169,0.08194233687,0.1560379919,0.2448015123,0.2323462415,0.1019283747,0.2423208191,0.008474576271,0.0625,0.1316,0.1316,0.000416145954,0.0002795939102,0.0001595622659,0.0003744791288,0.0004222027287,0.0009443373247,0.0007592755566,0.0005812491158,0.0007838380375,0.0003523199803,0.002207296447,0.001130311772,0.0001250725278,3.69E-05,0.0005546804217,0
tulu2_7b,pruning,sparsegpt,none,0.5,semistructured:48,3.13781929,0.1180173092,0.04469273743,0.03595080416,0.1935028249,0.03193612774,0.144469526,0.06980273141,0.2062415197,0.2164461248,0.2027334852,0.1597796143,0.2593856655,0.05084745763,0,0.1364,0.1364,0.0001923392153,0.00010967036,6.38E-05,0.0001413310491,0.0001976473303,0.0006303017418,0.0002060536273,0.000370268627,0.0002915600525,0.000166208014,0.000839282688,0.0007518551895,7.65E-05,7.48E-06,0.0002498191304,0
tulu2_7b,pruning,wanda,none,0.1,unstructured,5.648074722,0.1101494886,0.07262569832,0.03311258278,0.1701977401,0.08183632735,0.0835214447,0.09256449165,0.1560379919,0.1493383743,0.2072892938,0.1900826446,0.1843003413,0.04237288136,0,0.1213,0.1213,0.0002336442721,0.0003962553984,0.0001521230164,0.0002628515529,0.0002634231601,0.000581602766,0.0003437058458,0.0003601543382,0.0002930901401,0.0003168802129,0.0009133115511,0.0006114635558,0.0002578523741,0.0001620917447,0.0003143246672,0
tulu2_7b,pruning,wanda,none,0.2,unstructured,5.020510864,0.1160503541,0.07262569832,0.03405865658,0.1447740113,0.05988023952,0.1151241535,0.08497723824,0.157394844,0.1691871456,0.1548974943,0.1928374656,0.1843003413,0.06779661017,0.0625,0.1195,0.1195,0.0003285052018,0.000374594749,0.0002249377528,0.0003583677193,0.0005411213287,0.000774886648,0.000391372247,0.0004706477723,0.000544882039,0.0002656809664,0.001625594317,0.0008391041993,0.0003107867782,0.0001349475277,0.0004501430737,0
tulu2_7b,pruning,wanda,none,0.3,unstructured,4.392947006,0.1549960661,0.06703910615,0.03784295175,0.1765536723,0.08982035928,0.1286681716,0.0971168437,0.1981004071,0.2032136106,0.2004555809,0.2424242424,0.2150170648,0.02542372881,0.0625,0.1478,0.1478,0.0003593531629,0.000656811067,0.0002056225802,0.0003417776877,0.0004767610141,0.0006168462906,0.0005899392243,0.000702651845,0.0004983385663,0.0002218945184,0.00180129425,0.0007078970865,0.0002565081177,0.0001220941471,0.0004786817929,0
tulu2_7b,pruning,wanda,none,0.4,unstructured,3.765383148,0.17938631,0.09217877095,0.04730368969,0.1906779661,0.1017964072,0.1354401806,0.1077389985,0.2008141113,0.2079395085,0.2072892938,0.2561983471,0.1979522184,0.08474576271,0.0625,0.1612,0.1612,0.0003907578305,0.0002721333698,0.0001037479218,0.0002229175698,0.0005836689002,0.0007195307682,0.0004446180493,0.0004441494776,0.000473828134,0.0003099262083,0.002088050316,0.0007697305698,0.0002003673817,2.30E-05,0.0004392426735,0
tulu2_7b,pruning,wanda,none,0.5,unstructured,3.13781929,0.1892210858,0.0782122905,0.04919583728,0.2274011299,0.06586826347,0.1489841986,0.1411229135,0.2808683853,0.258979206,0.2232346241,0.258953168,0.2969283276,0.1610169492,0,0.1854,0.1854,0.0004006323537,0.0002039329526,0.0001232966162,0.0003276453877,0.0006632502807,0.001329516579,0.0004446519764,0.0005986039587,0.000449893154,0.0002519509829,0.001798832821,0.0008767148642,0.0002922982924,3.85E-05,0.0004872700652,0
tulu2_7b,pruning,wanda,none,0.6,unstructured,2.510255432,0.1455546814,0.03351955307,0.02365184484,0.1871468927,0.03193612774,0.0993227991,0.1092564492,0.1913161465,0.2722117202,0.2414578588,0.1101928375,0.2662116041,0.03389830508,0,0.1461,0.1461,0.000690225185,0.0002692719816,0.000397121468,0.0008370202722,0.0008512803064,0.001156414773,0.0009804074485,0.001444383424,0.001554059329,0.00110413769,0.0024581492,0.00214111019,0.0006984745141,0.0001571056703,0.0009838810502,0
tulu2_7b,pruning,wanda,none,0.5,semistructured:24,3.13781929,0.140440598,0.02793296089,0.02459791864,0.1709039548,0.02794411178,0.1376975169,0.09559939302,0.1411126187,0.2608695652,0.2095671982,0.1157024793,0.2832764505,0.0593220339,0,0.1377,0.1377,0.000618661461,0.0002591964088,0.0003996007409,0.0007017071045,0.0007852683477,0.002639668241,0.001033100747,0.001626674773,0.001858454602,0.0008577759612,0.002544263812,0.002487647575,0.001295102739,0.0003097877818,0.001067330659,0
tulu2_7b,pruning,wanda,none,0.5,semistructured:48,3.13781929,0.1593233674,0.08379888268,0.05014191107,0.2026836158,0.05189620758,0.151241535,0.1365705615,0.210312076,0.2731568998,0.2482915718,0.1955922865,0.2901023891,0.08474576271,0.1875,0.168,0.168,0.0006787712818,0.0004622784208,0.0001584646514,0.0004052597864,0.001013685957,0.001108546284,0.00102228633,0.00121298786,0.0008783427472,0.0006585478995,0.003982098228,0.001678477438,0.0004277929065,0.0005371094512,0.0008419725169,0