name,base_model,compression_method,compression_ratio,pruning_structure,wikitext2,dolma-books,dolma-commoncrawl,dolma-reddit,dolma-stack,dolma-wiki,dolma-pesto,avg_dolma,aave_literature,twitterAAE,twitter-white,reddit-atheism,reddit-christianity,reddit-catholicism,reddit-askmen,reddit-askwomen,reddit-asktransgender,reddit-europe,reddit-canada,reddit-uk,reddit-australia,reddit-india,reddit-politics,reddit-neoliberal,reddit-politicaldiscussion,reddit-libertarian,reddit-conservative
llama-2-7b,llama-2-7b,none,0,unstructured,5.47,6.68,8.74,11.7,2.49,5.61,5.85,6.85,9.23,29.68,20.22,10.27,8.65,9.96,10.76,9.77,10.79,11.32,11.03,10.52,11.25,12.38,10.18,10.6,9.85,10.33,10.74
llama-2-13b,llama-2-13b,none,0,unstructured,4.88,6.12,8.1,10.91,2.36,5.17,5.54,6.37,8.55,27.37,18.99,9.64,8.16,9.31,10.14,9.21,10.12,10.58,10.34,9.82,10.59,11.6,9.55,9.84,9.23,9.72,10.09
tulu-2,tulu-2-7b,none,0,unstructured,6,7.45,9.78,12.93,2.74,6.17,6.51,7.60,10.24,35.13,23.2,11.26,9.45,10.93,11.79,10.71,11.81,12.42,12.03,11.54,12.34,13.63,11.16,11.69,10.78,11.31,11.8
tulu-2-13b,tulu-2-13b,none,0,unstructured,5.34,6.71,8.91,11.89,2.59,5.61,6.06,6.96,9.32,31.49,21.49,10.39,8.74,10.04,10.93,9.94,10.98,11.48,11.13,10.63,11.45,12.63,10.25,10.69,9.89,10.46,10.88
llama-2-sparsegpt-0.1,llama-2-7b,sparsegpt,0.1,unstructured,5.49,6.72,8.78,11.74,2.5,5.64,5.87,6.88,9.26,29.92,20.34,10.31,8.68,9.99,10.79,9.79,10.82,11.35,11.05,10.56,11.29,12.41,10.22,10.64,9.89,10.36,10.78
llama-2-sparsegpt-0.2,llama-2-7b,sparsegpt,0.2,unstructured,5.58,6.82,8.94,11.93,2.54,5.74,5.96,6.99,9.38,30.62,20.76,10.47,8.8,10.13,10.95,9.92,10.98,11.52,11.22,10.72,11.46,12.6,10.39,10.82,10.03,10.51,10.95
llama-2-sparsegpt-0.3,llama-2-7b,sparsegpt,0.3,unstructured,5.78,7,9.16,12.13,2.62,5.91,6.07,7.15,9.57,31.31,21.18,10.64,8.94,10.31,11.09,10.06,11.14,11.71,11.39,10.9,11.64,12.79,10.56,11,10.2,10.67,11.15
llama-2-sparsegpt-0.4,llama-2-7b,sparsegpt,0.4,unstructured,6.1,7.39,9.66,12.56,2.77,6.23,6.3,7.49,9.95,33.05,22.07,11,9.27,10.67,11.42,10.36,11.52,12.17,11.79,11.29,12.05,13.27,10.94,11.44,10.53,11.02,11.56
llama-2-sparsegpt-0.5,llama-2-7b,sparsegpt,0.5,unstructured,6.5,8.31,11.1,14.11,3.25,6.77,7.01,8.43,11.22,37.78,25.01,12.25,10.52,11.97,12.67,11.5,12.89,13.48,13.17,12.63,13.52,14.95,12.27,12.81,11.7,12.27,12.92
llama-2-sparsegpt-0.6,llama-2-7b,sparsegpt,0.6,unstructured,10.18,12.78,15.2,20.26,5.18,10.54,9.23,12.20,18.25,83.3,57.11,17.28,14.65,16.91,17.31,15.82,17.59,20.05,18.71,18.79,19.95,21.99,17.91,19.24,16.96,17.82,19.1
llama-2-sparsegpt-2:4,llama-2-7b,sparsegpt,0.5,semistructured:24,10.94,12.22,15.94,20.98,5.34,11.21,9.57,12.54,17.81,71.15,53.08,17.91,15.23,17.76,18,16.57,18.36,20.64,19.5,19.76,20.72,22.55,18.72,20.13,17.88,18.44,19.95
llama-2-sparsegpt-4:8,llama-2-7b,sparsegpt,0.5,semistructured:48,8.52,9.8,12.68,16.28,3.98,8.53,7.9,9.86,13.38,52.33,37.45,13.9,11.8,13.61,14.41,13.13,14.57,15.78,15.06,14.81,15.72,17.19,14.13,15.01,13.45,13.98,14.96
llama-2-magnitude-0.1,llama-2-7b,magnitude,0.1,unstructured,5.54,6.79,8.86,11.86,2.52,5.69,5.93,6.94,9.36,30.09,20.49,10.41,8.77,10.09,10.91,9.89,10.94,11.47,11.17,10.67,11.4,12.55,10.32,10.74,9.98,10.46,10.89
llama-2-magnitude-0.2,llama-2-7b,magnitude,0.2,unstructured,5.71,6.99,9.16,12.21,2.59,5.87,6.09,7.15,9.61,31.5,21.31,10.71,9,10.38,11.18,10.14,11.24,11.82,11.48,10.96,11.73,12.91,10.62,11.05,10.27,10.73,11.22
llama-2-magnitude-0.3,llama-2-7b,magnitude,0.3,unstructured,6.23,7.57,10.13,13.39,2.81,6.39,6.57,7.81,10.37,38.87,24.74,11.64,9.72,11.22,12.11,10.91,12.18,12.98,12.48,11.86,12.77,14.16,11.57,12.05,11.13,11.63,12.21
llama-2-magnitude-0.4,llama-2-7b,magnitude,0.4,unstructured,7.92,9.34,13.25,17.2,3.62,8.08,8.14,9.94,12.67,72.86,38.55,14.51,11.99,13.81,14.9,13.22,15.01,16.81,15.69,14.63,16.1,18.14,14.53,15.32,13.85,14.46,15.32
llama-2-magnitude-0.5,llama-2-7b,magnitude,0.5,unstructured,16.02,20,27.31,33.06,9.18,16.57,16.71,20.47,24.67,379.77,122.45,25.47,20.76,24.61,24.46,21.23,25.59,32.23,27.78,26.11,29.73,33.78,26.26,29.25,24.66,25.5,27.1
llama-2-magnitude-0.6,llama-2-7b,magnitude,0.6,unstructured,1915.92,2228.94,2549.27,2647.67,9317.04,2077.82,1659.87,3413.44,2519.97,98179.68,14165.84,1067.48,920.3,1207.35,979.49,889.72,1293.2,3073.11,1553.51,2008,2173.96,3346.55,1653.56,2706.7,1480.42,1203.56,1659.8
llama-2-magnitude-2:4,llama-2-7b,magnitude,0.5,semistructured:24,37.98,91.01,98.04,108.77,22.86,54.19,46.73,70.27,93.21,1306.18,468.28,71.12,55.45,77.38,62.81,52.66,70.42,102.13,83.63,81.8,94.76,112.83,80.67,102.86,69.41,66.9,79.61
llama-2-magnitude-4:8,llama-2-7b,magnitude,0.5,semistructured:48,15.93,31.54,42.12,53.03,8.49,21.93,20.57,29.61,37.02,750.42,235.08,35.17,27.22,33.84,34.91,29.05,36.52,46.72,39.59,37,41.69,49.78,37.8,44.29,34.03,34.31,38.49
llama-2-wanda-0.1,llama-2-7b,wanda,0.1,unstructured,5.49,6.72,8.77,11.73,2.5,5.64,5.87,6.87,9.25,29.91,20.32,10.3,8.67,9.98,10.78,9.78,10.82,11.34,11.05,10.56,11.28,12.41,10.22,10.64,9.88,10.36,10.78
llama-2-wanda-0.2,llama-2-7b,wanda,0.2,unstructured,5.59,6.82,8.92,11.89,2.53,5.74,5.95,6.98,9.38,30.47,20.66,10.44,8.79,10.11,10.91,9.9,10.94,11.48,11.19,10.69,11.43,12.56,10.36,10.79,10,10.49,10.92
llama-2-wanda-0.3,llama-2-7b,wanda,0.3,unstructured,5.75,6.98,9.14,12.12,2.59,5.88,6.06,7.13,9.57,31.28,21.14,10.63,8.92,10.29,11.08,10.05,11.13,11.69,11.39,10.87,11.63,12.78,10.55,10.99,10.17,10.65,11.13
llama-2-wanda-0.4,llama-2-7b,wanda,0.4,unstructured,6.07,7.34,9.63,12.56,2.73,6.18,6.28,7.45,9.96,32.6,21.83,11.01,9.29,10.67,11.41,10.36,11.51,12.12,11.78,11.27,12.07,13.27,10.92,11.4,10.51,10.98,11.54
llama-2-wanda-0.5,llama-2-7b,wanda,0.5,unstructured,6.94,8.27,10.9,13.93,3.12,6.99,6.92,8.36,11.13,36.63,24.62,12.08,10.27,11.7,12.42,11.31,12.57,13.37,12.95,12.46,13.37,14.73,12.02,12.64,11.51,12.04,12.75
llama-2-wanda-0.6,llama-2-7b,wanda,0.6,unstructured,10.85,12.81,16.67,23.03,4.95,10.8,9.91,13.03,18.13,65.76,46.9,19.18,16.3,18.8,19.54,17.78,19.92,22.03,20.98,20.91,22.21,25.23,19.76,21.21,18.67,19.23,21.16
llama-2-wanda-2:4,llama-2-7b,wanda,0.5,semistructured:24,12.12,13.68,18.2,23.19,5,11.85,10.7,13.77,19.09,64.9,44.82,19.1,16.53,19.48,19.44,17.66,20.11,22.23,21.06,21.25,22.26,25.26,19.86,21.76,18.71,19.25,20.94
llama-2-wanda-4:8,llama-2-7b,wanda,0.5,semistructured:48,8.66,10,13.33,16.93,3.73,8.55,8.17,10.12,13.63,44.37,30.57,14.37,12.34,14.13,14.85,13.49,15.15,16.14,15.54,15.15,16.15,17.88,14.52,15.38,13.75,14.26,15.31
llama-2-gblm-0.1,llama-2-7b,gblm,0.1,unstructured,5.48,6.7,8.76,11.71,2.49,5.63,5.86,6.86,9.24,29.77,20.27,10.28,8.66,9.96,10.77,9.77,10.8,11.33,11.03,10.54,11.28,12.39,10.2,10.61,9.86,10.34,10.75
llama-2-gblm-0.2,llama-2-7b,gblm,0.2,unstructured,5.56,6.78,8.88,11.83,2.52,5.71,5.92,6.94,9.34,30.23,20.52,10.39,8.75,10.06,10.86,9.85,10.9,11.43,11.14,10.65,11.38,12.5,10.31,10.73,9.95,10.44,10.86
llama-2-gblm-0.3,llama-2-7b,gblm,0.3,unstructured,5.71,6.94,9.1,12.06,2.58,5.85,6.03,7.09,9.52,30.9,20.95,10.59,8.89,10.24,11.04,10.01,11.08,11.65,11.33,10.82,11.58,12.72,10.5,10.93,10.13,10.61,11.08
llama-2-gblm-0.4,llama-2-7b,gblm,0.4,unstructured,6.03,7.28,9.57,12.49,2.71,6.15,6.24,7.41,9.9,32.2,21.66,10.96,9.24,10.61,11.35,10.3,11.44,12.08,11.7,11.2,12,13.18,10.86,11.34,10.45,10.94,11.48
llama-2-gblm-0.5,llama-2-7b,gblm,0.5,unstructured,6.88,8.21,10.81,13.9,3.08,6.93,6.87,8.30,11,37.75,26.22,12.07,10.23,11.66,12.41,11.29,12.53,13.37,12.91,12.45,13.37,14.61,11.99,12.64,11.48,12.03,12.75
llama-2-gblm-0.6,llama-2-7b,gblm,0.6,unstructured,10.47,12.4,16.03,22.6,4.64,10.42,9.5,12.60,17.23,65.05,48.18,19.13,16.13,18.62,19.38,17.74,19.7,21.78,20.82,20.67,21.98,24.47,19.61,21,18.48,19.1,20.93
llama-2-gblm-2:4,llama-2-7b,gblm,0.5,semistructured:24,13.41,15.29,20.02,27.84,5.15,12.48,11.57,15.39,21.98,75.62,60.48,22.69,19.35,23,23.63,21.47,23.98,26.81,25.32,25.77,26.91,30.08,23.37,26.12,21.77,22.86,25.04
llama-2-gblm-4:8,llama-2-7b,gblm,0.5,semistructured:48,9.08,10.41,14.02,18.5,3.8,8.73,8.48,10.66,14.35,54.75,39.75,15.53,13.27,15.33,16.23,14.86,16.25,17.47,16.95,16.6,17.75,19.22,15.89,16.86,15.01,15.55,16.82
tulu-2-magnitude-0.1,tulu-2-7b,magnitude,0.1,unstructured,6.07,7.55,9.91,13.11,2.78,6.25,6.58,7.70,10.35,35.73,23.56,11.4,9.56,11.07,11.92,10.84,11.95,12.59,12.19,11.7,12.51,13.8,11.3,11.85,10.91,11.44,11.96
tulu-2-magnitude-0.2,tulu-2-7b,magnitude,0.2,unstructured,6.35,7.84,10.33,13.6,2.89,6.49,6.8,7.99,10.74,37.92,24.79,11.81,9.89,11.46,12.28,11.15,12.35,13.06,12.61,12.09,12.94,14.3,11.72,12.28,11.3,11.83,12.42
tulu-2-magnitude-0.3,tulu-2-7b,magnitude,0.3,unstructured,7,8.56,11.39,14.95,3.12,7.08,7.3,8.73,11.71,43.08,27.61,12.95,10.82,12.46,13.38,12.08,13.51,14.38,13.79,13.15,14.17,15.66,12.81,13.43,12.29,12.89,13.61
tulu-2-magnitude-0.4,tulu-2-7b,magnitude,0.4,unstructured,8.67,10.6,14.41,18.7,3.78,8.68,8.69,10.81,14.22,59.58,35.57,15.83,13.2,15.24,16.3,14.5,16.46,18.01,16.99,15.94,17.55,19.45,15.77,16.65,15.11,15.83,16.82
tulu-2-magnitude-0.5,tulu-2-7b,magnitude,0.5,unstructured,15.66,19.83,28.43,35.83,7.31,15.95,15.54,20.48,25.49,148.36,74.93,27.32,22.23,27.11,27.37,24.04,28.22,33.55,30.76,27.94,32.38,35.85,27.79,30.97,26.32,27.56,29.29
tulu-2-magnitude-0.6,tulu-2-7b,magnitude,0.6,unstructured,335.48,593.33,799.89,1143.53,509.53,520.75,514.8,680.31,632.29,6458.89,1731.35,558.97,401.79,590.09,543.69,540.71,721.13,1074.54,736,875.91,932.89,1178.18,672.32,973.65,618.56,561.77,672.59
tulu-2-magnitude-2:4,tulu-2-7b,magnitude,0.5,semistructured:24,27.27,67.54,70.2,87.06,12.46,35.93,28.46,50.28,83.52,401.38,192.43,60.53,52.55,65.63,63.83,53.78,64.42,72.45,67.25,65.06,73.57,83.47,60.84,68.47,51.8,53.26,59.41
tulu-2-magnitude-4:8,tulu-2-7b,magnitude,0.5,semistructured:48,18.03,80.72,99.56,112.86,7.78,44.41,32.9,63.04,119.34,187.46,125.68,73.77,66.15,90.37,104.35,90.38,88.97,89.55,82.84,80.58,86.49,100.49,68.82,81.8,64.71,69.4,71.74
tulu-2-sparsegpt-0.1,tulu-2-7b,sparsegpt,0.1,unstructured,6.06,7.51,9.88,13.06,2.78,6.24,6.57,7.67,10.31,36.12,23.66,11.36,9.53,11.02,11.87,10.79,11.91,12.53,12.12,11.65,12.45,13.75,11.27,11.81,10.86,11.39,11.92
tulu-2-sparsegpt-0.2,tulu-2-7b,sparsegpt,0.2,unstructured,6.23,7.64,10.12,13.32,2.86,6.39,6.67,7.83,10.48,37.47,24.4,11.56,9.68,11.21,12.04,10.95,12.08,12.78,12.32,11.86,12.68,14.02,11.49,12.05,11.04,11.58,12.14
tulu-2-sparsegpt-0.3,tulu-2-7b,sparsegpt,0.3,unstructured,6.43,7.8,10.38,13.59,2.95,6.58,6.78,8.01,10.66,38.4,24.92,11.77,9.85,11.4,12.23,11.11,12.29,13.03,12.56,12.08,12.92,14.28,11.69,12.28,11.22,11.78,12.38
tulu-2-sparsegpt-0.4,tulu-2-7b,sparsegpt,0.4,unstructured,6.78,8.14,10.85,14.02,3.13,6.91,6.97,8.34,10.99,39.46,25.49,12.12,10.19,11.79,12.55,11.37,12.63,13.52,12.98,12.47,13.36,14.75,12.05,12.71,11.55,12.13,12.75
tulu-2-sparsegpt-0.5,tulu-2-7b,sparsegpt,0.5,unstructured,7.63,8.94,11.98,15.32,3.58,7.69,7.5,9.17,12,43.16,27.66,13.09,11.11,12.78,13.53,12.25,13.64,14.74,14.06,13.63,14.64,16.12,13.15,13.92,12.49,13.09,13.91
tulu-2-sparsegpt-0.6,tulu-2-7b,sparsegpt,0.6,unstructured,10.78,12.3,16.05,20.5,5.58,10.69,9.66,12.46,16.69,59.62,38,17.3,14.57,17.06,17.59,16.06,17.8,19.98,18.81,18.91,19.98,21.9,17.79,19.13,16.83,17.44,18.84
tulu-2-sparsegpt-2:4,tulu-2-7b,sparsegpt,0.5,semistructured:24,11.16,12.29,16.37,21.01,5.49,10.97,9.74,12.65,16.98,57.24,38.74,17.75,14.95,17.71,18.02,16.44,18.24,20.51,19.42,19.62,20.54,22.38,18.38,19.82,17.33,17.96,19.53
tulu-2-sparsegpt-4:8,tulu-2-7b,sparsegpt,0.5,semistructured:48,8.94,10.07,13.53,17.42,4.26,8.84,8.32,10.41,13.71,45.92,30.53,14.79,12.54,14.59,15.37,13.94,15.43,16.83,16.05,15.82,16.94,18.31,15.04,15.98,14.21,14.82,15.84
tulu-2-wanda-0.1,tulu-2-7b,wanda,0.1,unstructured,6.54,8.18,10.79,14.41,2.93,6.77,7.17,8.38,11.36,39.81,26.28,12.47,10.42,12.08,13.03,11.88,13.06,13.75,13.38,12.77,13.68,15.25,12.38,13.01,11.99,12.57,13.08
tulu-2-wanda-0.2,tulu-2-7b,wanda,0.2,unstructured,7.51,9.34,12.66,16.94,3.2,7.82,8.43,9.73,13.21,49.76,32.45,14.69,12.18,14.19,15.14,13.82,15.18,16.21,15.66,14.87,15.99,17.99,14.43,15.29,14.03,14.74,15.35
tulu-2-wanda-0.3,tulu-2-7b,wanda,0.3,unstructured,8.74,10.5,14.75,19.66,3.51,9.01,9.5,11.16,15.23,60.33,39.14,16.98,14.06,16.35,17.52,16,17.63,18.59,18.09,17,18.44,20.71,16.54,17.53,16.05,16.95,17.67
tulu-2-wanda-0.4,tulu-2-7b,wanda,0.4,unstructured,9.98,11.49,16.41,21.76,3.86,9.92,10.27,12.29,16.74,70.31,45.01,18.93,15.78,18.17,19.55,17.83,19.78,20.41,19.91,18.59,20.22,22.79,18.2,19.26,17.57,18.59,19.39
tulu-2-wanda-0.5,tulu-2-7b,wanda,0.5,unstructured,12.57,13.66,19.81,25.57,4.56,11.88,11.92,14.57,19.92,82.77,52.1,22.01,18.44,21.12,22.33,20.45,22.78,23.71,23.12,21.65,23.73,26.87,21.16,22.65,20.4,21.49,22.59
tulu-2-wanda-0.6,tulu-2-7b,wanda,0.6,unstructured,24.44,26.3,37.73,52.5,8.15,22.01,19.88,27.76,39.89,158.39,109.8,41.12,33.82,39.57,41.79,38.45,43.43,47.49,44.81,45.7,48.43,53.97,41.51,46.78,39.61,40.22,44.36
tulu-2-wanda-2:4,tulu-2-7b,wanda,0.5,semistructured:24,21.72,23.95,34.57,47.06,8.63,20.03,18.35,25.43,34.85,160.25,107.15,37.25,30.93,36.5,37.99,35.24,39.3,42.72,40.87,42,44.39,50.15,37.55,42.06,35.17,36.64,39.72
tulu-2-wanda-4:8,tulu-2-7b,wanda,0.5,semistructured:48,14.7,16.37,24.3,31.36,5.68,14.32,14.05,17.68,23.78,101.32,63.68,26.37,22.08,25.69,26.22,23.92,27,29.4,28.06,27.02,29.28,33.32,25.62,28.06,24.65,25.48,27.46
tulu-2-gblm-0.1,tulu-2-7b,gblm,0.1,unstructured,6,7.45,9.78,12.93,2.75,6.18,6.51,7.60,10.24,35.19,23.24,11.26,9.46,10.93,11.78,10.71,11.82,12.42,12.03,11.55,12.34,13.63,11.16,11.69,10.77,11.31,11.8
tulu-2-gblm-0.2,tulu-2-7b,gblm,0.2,unstructured,6.05,7.48,9.85,12.98,2.76,6.21,6.54,7.64,10.28,35.3,23.38,11.3,9.49,10.98,11.81,10.74,11.85,12.47,12.08,11.6,12.4,13.69,11.2,11.74,10.81,11.35,11.86
tulu-2-gblm-0.3,tulu-2-7b,gblm,0.3,unstructured,6.19,7.57,10.01,13.15,2.81,6.32,6.6,7.74,10.4,35.48,23.49,11.43,9.6,11.11,11.92,10.83,11.98,12.62,12.23,11.75,12.55,13.82,11.33,11.88,10.91,11.46,12
tulu-2-gblm-0.4,tulu-2-7b,gblm,0.4,unstructured,6.52,7.85,10.46,13.61,2.93,6.6,6.79,8.04,10.75,36.56,24.2,11.84,9.97,11.5,12.29,11.12,12.37,13.11,12.67,12.14,12.99,14.32,11.69,12.34,11.25,11.82,12.42
tulu-2-gblm-0.5,tulu-2-7b,gblm,0.5,unstructured,7.54,8.7,11.72,15.21,3.32,7.38,7.38,8.95,11.92,40.33,26.95,13.12,11.08,12.77,13.57,12.32,13.69,14.63,14.12,13.6,14.58,15.93,13.02,13.79,12.46,13.11,13.86
tulu-2-gblm-0.6,tulu-2-7b,gblm,0.6,unstructured,12.1,13.36,17.55,23.71,5.21,10.86,10.65,13.56,18.57,58.75,39.91,19.84,16.75,19.56,20.32,18.51,20.43,22.63,21.82,21.29,22.88,25.15,20.25,21.84,19,19.65,21.53
tulu-2-gblm-2:4,tulu-2-7b,gblm,0.5,semistructured:24,12.35,13.91,18.55,24.36,5.12,11.43,10.81,14.03,19.3,55.25,40.61,20.22,17.27,20.37,20.77,18.88,20.98,23.38,22.72,22.7,23.99,25.76,20.88,22.85,19.48,20.28,22.13
tulu-2-gblm-4:8,tulu-2-7b,gblm,0.5,semistructured:48,9.19,10.45,14.21,18.55,3.93,8.84,8.62,10.77,14.34,46.05,31.78,15.63,13.28,15.37,16.16,14.73,16.37,17.76,17.18,16.68,17.83,19.4,15.81,16.9,14.99,15.61,16.74
llama-2-13b-magnitude-0.1,llama-2-13b,magnitude,0.1,unstructured,4.9,6.15,8.12,10.94,2.37,5.19,5.55,6.39,8.58,27.52,19.06,9.68,8.19,9.34,10.17,9.24,10.15,10.62,10.37,9.86,10.63,11.63,9.57,9.88,9.26,9.75,10.12
llama-2-13b-magnitude-0.2,llama-2-13b,magnitude,0.2,unstructured,4.96,6.22,8.2,11.05,2.39,5.24,5.6,6.45,8.67,27.78,19.24,9.76,8.25,9.42,10.26,9.32,10.26,10.73,10.46,9.94,10.72,11.74,9.66,9.97,9.34,9.83,10.2
llama-2-13b-magnitude-0.3,llama-2-13b,magnitude,0.3,unstructured,5.15,6.43,8.47,11.35,2.44,5.4,5.74,6.64,8.93,28.62,19.74,9.99,8.45,9.67,10.48,9.52,10.51,11.01,10.72,10.2,11,12.05,9.91,10.24,9.57,10.07,10.46
llama-2-13b-magnitude-0.4,llama-2-13b,magnitude,0.4,unstructured,5.63,6.98,9.2,12.15,2.61,5.84,6.12,7.15,9.59,30.98,21.2,10.67,9.01,10.33,11.12,10.1,11.17,11.77,11.42,10.86,11.74,12.87,10.57,10.98,10.21,10.7,11.17
llama-2-13b-magnitude-0.5,llama-2-13b,magnitude,0.5,unstructured,6.82,8.38,10.95,14.04,3.08,6.94,7.08,8.41,11.21,37.45,25.42,12.15,10.37,11.84,12.61,11.43,12.77,13.57,13.06,12.5,13.55,14.88,12.1,12.68,11.67,12.21,12.87
llama-2-13b-magnitude-0.6,llama-2-13b,magnitude,0.6,unstructured,11.84,14.66,17.04,22.33,5.66,11.21,11.09,13.67,18.95,75.37,47.33,18.52,16.34,18.39,18.72,17.33,19.3,20.92,20.01,20.08,21.17,23.86,18.69,20.02,17.81,18.77,20
llama-2-13b-magnitude-24,llama-2-13b,magnitude,0.5,semistructured:24,8.9,10.68,13.71,18.06,4.64,8.8,8.54,10.74,14.25,59.88,40.53,15.05,13.19,14.8,15.49,14.23,16.07,17.05,16.52,16.3,17.03,18.75,15.26,16.2,14.59,15.14,16.21
llama-2-13b-magnitude-48,llama-2-13b,magnitude,0.5,semistructured:48,7.33,8.51,11.54,14.56,3.5,7.35,7.32,8.80,11.59,39.89,27.16,12.46,10.82,12.23,12.77,11.7,13.17,13.17,14.03,13.52,13.04,13.96,15.43,12.54,13.13,12.01,13.28
llama-2-13b-sparsegpt-0.1,llama-2-13b,sparsegpt,0.1,unstructured,4.91,6.16,8.14,10.94,2.38,5.2,5.56,6.40,8.58,27.57,19.1,9.68,8.18,9.34,10.17,9.23,10.15,10.61,10.37,9.85,10.62,11.63,9.57,9.88,9.26,9.75,10.12
llama-2-13b-sparsegpt-0.2,llama-2-13b,sparsegpt,0.2,unstructured,4.99,6.23,8.23,11.04,2.4,5.27,5.61,6.46,8.66,27.93,19.31,9.76,8.25,9.43,10.23,9.3,10.23,10.69,10.45,9.93,10.7,11.74,9.65,9.98,9.34,9.83,10.2
llama-2-13b-sparsegpt-0.3,llama-2-13b,sparsegpt,0.3,unstructured,5.12,6.35,8.41,11.22,2.44,5.39,5.68,6.58,8.8,28.43,19.69,9.9,8.38,9.57,10.36,9.44,10.38,10.87,10.6,10.09,10.86,11.92,9.81,10.15,9.47,9.97,10.37
llama-2-13b-sparsegpt-0.4,llama-2-13b,sparsegpt,0.4,unstructured,5.39,6.64,8.8,11.59,2.56,5.65,5.86,6.85,9.13,29.72,20.47,10.24,8.65,9.87,10.66,9.7,10.69,11.22,10.93,10.44,11.22,12.3,10.13,10.53,9.77,10.28,10.74
llama-2-13b-sparsegpt-0.5,llama-2-13b,sparsegpt,0.5,unstructured,6.04,7.39,9.75,12.63,2.86,6.28,6.31,7.54,9.97,33.31,22.91,11.07,9.41,10.68,11.46,10.4,11.52,12.16,11.8,11.39,12.22,13.38,11.05,11.56,10.59,11.12,11.71
llama-2-13b-sparsegpt-0.6,llama-2-13b,sparsegpt,0.6,unstructured,8.31,10.11,13.07,17.76,4.13,8.61,7.85,10.26,14.24,58.12,44.28,15.15,13.04,14.77,15.54,14.23,15.46,16.58,16.12,16.12,17.22,18.68,15.45,16.37,14.69,15.59,16.64
llama-2-13b-sparsegpt-24,llama-2-13b,sparsegpt,0.5,semistructured:24,9.05,10.08,13.85,18.97,4.28,9.32,8.12,10.77,14.26,58.03,45.58,16.02,13.9,15.69,16.44,15,16.19,17.7,17.35,17.32,18.27,19.75,16.54,17.52,15.53,16.44,17.8
llama-2-13b-sparsegpt-48,llama-2-13b,sparsegpt,0.5,semistructured:48,7.06,8.18,11.14,14.59,3.37,7.31,6.96,8.59,11.4,39.63,27.6,12.57,10.74,12.23,13.02,11.9,12.99,13.93,13.52,13.19,14.04,15.36,12.71,13.38,12.08,12.68,13.55
llama-2-13b-wanda-0.1,llama-2-13b,wanda,0.1,unstructured,4.92,6.17,8.15,10.95,2.38,5.21,5.57,6.41,8.6,27.63,19.13,9.69,8.19,9.36,10.18,9.24,10.16,10.62,10.38,9.86,10.63,11.65,9.58,9.89,9.27,9.76,10.13
llama-2-13b-wanda-0.2,llama-2-13b,wanda,0.2,unstructured,5,6.24,8.26,11.06,2.41,5.29,5.62,6.48,8.68,27.99,19.37,9.77,8.27,9.44,10.26,9.32,10.25,10.71,10.47,9.95,10.72,11.76,9.68,10,9.35,9.84,10.22
llama-2-13b-wanda-0.3,llama-2-13b,wanda,0.3,unstructured,5.13,6.36,8.44,11.24,2.45,5.41,5.71,6.60,8.83,28.54,19.77,9.92,8.4,9.58,10.39,9.44,10.39,10.89,10.61,10.11,10.89,11.94,9.83,10.17,9.49,9.98,10.38
llama-2-13b-wanda-0.4,llama-2-13b,wanda,0.4,unstructured,5.37,6.58,8.84,11.59,2.55,5.65,5.87,6.85,9.11,29.47,20.45,10.21,8.65,9.87,10.65,9.68,10.67,11.22,10.91,10.44,11.22,12.29,10.14,10.54,9.77,10.26,10.73
llama-2-13b-wanda-0.5,llama-2-13b,wanda,0.5,unstructured,5.98,7.22,9.83,12.69,2.84,6.26,6.33,7.53,9.89,32.75,23.11,11.1,9.43,10.74,11.5,10.48,11.55,12.22,11.86,11.44,12.26,13.44,11.07,11.54,10.61,11.14,11.75
llama-2-13b-wanda-0.6,llama-2-13b,wanda,0.6,unstructured,8.5,10.38,13.99,19.53,4.33,8.81,8.2,10.87,14.37,62.49,47.87,16.47,14.18,16.2,16.91,15.42,17.02,18.48,17.8,17.61,18.81,21.15,16.8,17.84,15.89,16.68,17.9
llama-2-13b-wanda-24,llama-2-13b,wanda,0.5,semistructured:24,8.99,10.65,14.72,20.09,4.04,8.99,8.51,11.17,14.77,55.49,41.18,16.56,14.17,16.44,17.08,15.57,17.01,18.61,18.16,17.75,18.98,20.94,16.98,18.2,15.91,16.68,18.09
llama-2-13b-wanda-48,llama-2-13b,wanda,0.5,semistructured:48,7.05,8.22,11.4,14.72,3.24,7.18,7.04,8.63,11.38,39.05,28.62,12.67,10.8,12.27,13.13,11.98,13.16,14.03,13.54,13.11,14.04,15.49,12.69,13.36,12.06,12.66,13.48
llama-2-13b-gblm-0.1,llama-2-13b,gblm,0.1,unstructured,4.89,6.12,8.11,10.91,2.37,5.17,5.54,6.37,8.56,27.39,19,9.65,8.17,9.31,10.14,9.21,10.13,10.59,10.34,9.83,10.59,11.6,9.55,9.84,9.23,9.72,10.09
llama-2-13b-gblm-0.2,llama-2-13b,gblm,0.2,unstructured,4.92,6.15,8.15,10.95,2.37,5.2,5.56,6.40,8.59,27.51,19.07,9.67,8.19,9.34,10.17,9.24,10.16,10.61,10.37,9.86,10.62,11.64,9.59,9.88,9.26,9.75,10.12
llama-2-13b-gblm-0.3,llama-2-13b,gblm,0.3,unstructured,5.03,6.24,8.28,11.08,2.4,5.28,5.62,6.48,8.69,27.84,19.31,9.79,8.28,9.44,10.26,9.33,10.26,10.74,10.47,9.97,10.75,11.76,9.69,10.01,9.36,9.85,10.24
llama-2-13b-gblm-0.4,llama-2-13b,gblm,0.4,unstructured,5.28,6.46,8.64,11.42,2.49,5.5,5.78,6.72,8.98,28.76,20,10.06,8.5,9.71,10.52,9.56,10.53,11.04,10.76,10.27,11.05,12.09,9.98,10.34,9.63,10.11,10.55
llama-2-13b-gblm-0.5,llama-2-13b,gblm,0.5,unstructured,5.95,7.08,9.57,12.49,2.76,6.07,6.23,7.37,9.77,32.17,22.9,10.93,9.26,10.57,11.33,10.33,11.38,12.03,11.67,11.23,12.04,13.16,10.89,11.36,10.45,10.99,11.54
llama-2-13b-gblm-0.6,llama-2-13b,gblm,0.6,unstructured,8.58,9.82,13.22,18.36,4.07,8.39,7.99,10.31,13.38,56.89,40.87,15.51,13.24,15.19,15.89,14.46,15.9,17.39,16.79,16.51,17.59,19.46,15.82,16.86,14.97,15.71,16.85
llama-2-13b-gblm-24,llama-2-13b,gblm,0.5,semistructured:24,9.22,10.62,14.76,20.45,4.1,9.19,8.47,11.27,14.79,61.15,46.16,16.73,14.43,16.88,17.23,15.7,17.2,18.9,18.46,18.18,19.41,21.31,17.28,18.52,16.1,16.97,18.4
llama-2-13b-gblm-48,llama-2-13b,gblm,0.5,semistructured:48,7.05,8.22,11.35,14.95,3.22,7.14,7.04,8.65,11.73,39.34,28.76,12.8,10.9,12.48,13.24,12.11,13.28,14.19,13.72,13.23,14.24,15.62,12.8,13.5,12.18,12.82,13.62
tulu-2-13b-magnitude-0.1,tulu-2-13b,magnitude,0.1,unstructured,5.36,6.73,8.94,11.92,2.6,5.63,6.07,6.98,9.33,31.54,21.56,10.41,8.77,10.06,10.96,9.98,11,11.51,11.16,10.67,11.47,12.65,10.28,10.72,9.91,10.49,10.91
tulu-2-13b-magnitude-0.2,tulu-2-13b,magnitude,0.2,unstructured,5.43,6.78,9.01,12.03,2.62,5.68,6.1,7.04,9.41,31.73,21.69,10.49,8.84,10.14,11.04,10.04,11.111,11.6,11.24,10.75,11.57,12.75,10.37,10.82,10,10.57,10.99
tulu-2-13b-magnitude-0.3,tulu-2-13b,magnitude,0.3,unstructured,5.64,7.02,9.3,12.37,2.68,5.86,6.25,7.25,9.69,32.51,22.13,10.79,9.08,10.43,11.28,10.27,11.38,11.93,11.53,11.04,11.86,13.08,10.64,11.121,10.25,10.83,11.26
tulu-2-13b-magnitude-0.4,tulu-2-13b,magnitude,0.4,unstructured,6.18,7.64,10.11,13.25,2.87,6.37,6.67,7.82,10.45,34.98,23.5,11.52,9.68,11.17,11.98,10.88,12.11,12.76,12.28,11.78,12.69,13.99,11.37,11.93,10.93,11.52,12.03
tulu-2-13b-magnitude-0.5,tulu-2-13b,magnitude,0.5,unstructured,7.58,9.13,12.16,15.52,3.45,7.73,7.77,9.29,12.33,42.29,27.75,13.25,11.34,12.89,13.81,12.51,14.06,14.88,14.2,13.67,14.84,16.41,13.13,13.81,12.69,13.19,13.92
tulu-2-13b-magnitude-0.6,tulu-2-13b,magnitude,0.6,unstructured,13.47,15.8,19.28,24.8,6.57,12.43,12.66,15.26,20.44,73.71,43.51,19.95,17.64,19.66,20.76,19.17,21.48,22.61,21.73,21.14,22.81,25.87,20.08,21.52,18.98,19.77,21.49
tulu-2-13b-magnitude-24,tulu-2-13b,magnitude,0.5,semistructured:24,9.34,10.81,14.39,18.12,4.87,9.12,8.96,11.05,14.3,49.93,31.84,15.16,13.14,14.73,15.48,14.17,16.04,17.32,16.64,16.08,17.15,18.91,15.42,16.27,14.55,15.2,16.23
tulu-2-13b-magnitude-48,tulu-2-13b,magnitude,0.5,semistructured:48,8.19,9.51,12.85,16.08,3.77,8.16,8.1,9.75,12.85,43.89,28.66,13.61,11.77,13.3,13.86,12.72,14.27,15.37,14.78,14.23,15.26,16.84,13.68,14.5,13.03,13.66,14.49
tulu-2-13b-sparsegpt-0.1,tulu-2-13b,sparsegpt,0.1,unstructured,5.42,6.76,9.01,12,2.62,5.68,6.11,7.03,9.36,32.05,21.8,10.47,8.81,10.13,11.01,10.01,11.07,11.59,11.22,10.72,11.55,12.75,10.34,10.8,9.98,10.55,10.98
tulu-2-13b-sparsegpt-0.2,tulu-2-13b,sparsegpt,0.2,unstructured,5.55,6.83,9.15,12.14,2.66,5.79,6.16,7.12,9.45,32.63,22.11,10.59,8.9,10.24,11.11,10.11,11.19,11.73,11.33,10.83,11.68,12.9,10.46,10.94,10.09,10.66,11.11
tulu-2-13b-sparsegpt-0.3,tulu-2-13b,sparsegpt,0.3,unstructured,5.67,6.94,9.34,12.33,2.71,5.93,6.22,7.25,9.56,33.13,22.47,10.74,9.02,10.39,11.24,10.22,11.32,11.88,11.48,11,11.84,13.07,10.62,11.12,10.22,10.8,11.27
tulu-2-13b-sparsegpt-0.4,tulu-2-13b,sparsegpt,0.4,unstructured,5.95,7.17,9.74,12.7,2.83,6.2,6.36,7.50,9.85,34.09,22.96,11.03,9.27,10.69,11.53,10.49,11.59,12.21,11.81,11.34,12.18,13.4,10.94,11.49,10.49,11.07,11.6
tulu-2-13b-sparsegpt-0.5,tulu-2-13b,sparsegpt,0.5,unstructured,6.57,7.75,10.69,13.8,3.11,6.82,6.71,8.15,10.65,36.55,24.59,11.88,10.02,11.48,12.43,11.29,12.5,13.21,12.76,12.3,13.19,14.51,11.87,12.51,11.32,11.94,12.56
tulu-2-13b-sparsegpt-0.6,tulu-2-13b,sparsegpt,0.6,unstructured,8.54,10,13.8,18.05,4.11,8.79,7.88,10.44,13.92,47.54,32.64,15.05,12.63,14.6,15.89,14.48,15.84,16.98,16.38,16.04,17.06,18.66,15.4,16.33,14.49,15.27,16.41
tulu-2-13b-sparsegpt-24,tulu-2-13b,sparsegpt,0.5,semistructured:24,8.81,10.11,14.24,18.59,4.18,9.06,7.98,10.69,14.16,45.94,32.39,15.48,12.95,15.03,16.32,14.82,16.09,17.53,17.11,16.7,17.64,19.21,16.02,17,15.01,15.78,17
tulu-2-13b-sparsegpt-48,tulu-2-13b,sparsegpt,0.5,semistructured:48,7.37,8.56,12,15.52,3.52,7.64,7.18,9.07,11.88,39.5,27.29,13.18,11.09,12.78,13.82,12.58,13.82,14.76,14.37,13.89,14.82,16.19,13.37,14.16,12.64,13.31,14.16
tulu-2-13b-wanda-0.1,tulu-2-13b,wanda,0.1,unstructured,5.44,6.77,9.03,12.02,2.63,5.7,6.12,7.05,9.38,32.15,21.84,10.49,8.82,10.14,11.02,10.02,11.08,11.61,11.23,10.74,11.56,12.77,10.36,10.82,9.99,10.56,10.99
tulu-2-13b-wanda-0.2,tulu-2-13b,wanda,0.2,unstructured,5.55,6.84,9.15,12.14,2.66,5.79,6.16,7.12,9.46,32.71,22.12,10.58,8.9,10.24,11.1,10.1,11.17,11.73,11.33,10.83,11.67,12.89,10.46,10.94,10.08,10.65,11.1
tulu-2-13b-wanda-0.3,tulu-2-13b,wanda,0.3,unstructured,5.7,6.94,9.36,12.33,2.71,5.93,6.24,7.25,9.58,32.96,22.35,10.74,9.03,10.39,11.23,10.22,11.29,11.9,11.48,11.01,11.85,13.06,10.62,11.11,10.23,10.79,11.27
tulu-2-13b-wanda-0.4,tulu-2-13b,wanda,0.4,unstructured,5.97,7.2,9.78,12.7,2.82,6.2,6.4,7.52,9.87,33.75,22.88,11.05,9.32,10.69,11.51,10.47,11.59,12.25,11.8,11.35,12.18,13.43,10.96,11.52,10.5,11.09,11.61
tulu-2-13b-wanda-0.5,tulu-2-13b,wanda,0.5,unstructured,6.6,7.86,10.82,13.79,3.11,6.82,6.83,8.21,10.7,35.96,24.63,11.89,10.11,11.51,12.36,11.28,12.47,13.27,12.8,12.32,13.22,14.57,11.91,12.56,11.34,11.98,12.58
tulu-2-13b-wanda-0.6,tulu-2-13b,wanda,0.6,unstructured,9.26,11.58,15.44,20.57,4.37,9.5,8.84,11.72,16.62,53.1,37.24,16.82,14.24,16.49,17.63,15.99,17.67,19.48,18.6,18.32,19.42,21.44,17.35,18.7,16.27,17.06,18.32
tulu-2-13b-wanda-24,tulu-2-13b,wanda,0.5,semistructured:24,9.39,11.56,15.43,20.2,4.29,9.37,8.9,11.63,15.97,52.91,36.72,16.41,14.05,16.31,17.09,15.58,17.14,19.11,18.46,18.11,19.28,21.13,17.16,18.5,16.02,16.75,18.07
tulu-2-13b-wanda-48,tulu-2-13b,wanda,0.5,semistructured:48,7.56,8.99,12.4,15.83,3.52,7.71,7.52,9.33,12.3,41.27,28.37,13.37,11.37,13.01,13.89,12.66,13.98,15.08,14.55,14.1,15.08,16.61,13.54,14.39,12.81,13.48,14.3
tulu-2-13b-gblm-0.1,tulu-2-13b,gblm,0.1,unstructured,5.35,6.71,8.92,11.89,2.59,5.61,6.06,6.96,9.33,31.49,21.49,10.39,8.75,10.05,10.93,9.95,10.98,11.49,11.13,10.64,11.45,12.63,10.25,10.69,9.89,10.46,10.89
tulu-2-13b-gblm-0.2,tulu-2-13b,gblm,0.2,unstructured,5.38,6.73,8.96,11.92,2.6,5.64,6.08,6.99,9.35,31.43,21.44,10.41,8.76,10.06,10.95,9.97,10.99,11.5,11.15,10.65,11.48,12.65,10.28,10.71,9.91,10.48,10.91
tulu-2-13b-gblm-0.3,tulu-2-13b,gblm,0.3,unstructured,5.49,6.82,9.09,12.04,2.63,5.73,6.13,7.07,9.44,31.51,21.54,10.52,8.85,10.16,11.03,10.04,11.08,11.63,11.27,10.77,11.58,12.77,10.4,10.84,10.01,10.59,11.02
tulu-2-13b-gblm-0.4,tulu-2-13b,gblm,0.4,unstructured,5.74,7.03,9.44,12.36,2.71,5.95,6.25,7.29,9.68,32.1,22.01,10.76,9.06,10.41,11.25,10.25,11.31,11.89,11.51,11.05,11.85,13.05,10.65,11.15,10.24,10.82,11.3
tulu-2-13b-gblm-0.5,tulu-2-13b,gblm,0.5,unstructured,6.31,7.57,10.28,13.24,2.95,6.46,6.6,7.85,10.35,34.15,23.54,11.48,9.71,11.11,11.96,10.91,12.04,12.72,12.33,11.84,12.69,13.92,11.46,12.01,10.92,11.53,12.12
tulu-2-13b-gblm-0.6,tulu-2-13b,gblm,0.6,unstructured,8.46,9.73,13.25,17.55,4.02,8.26,7.99,10.13,13.68,46.44,32.66,14.85,12.54,14.44,15.22,13.93,15.35,16.73,16.22,15.81,16.78,18.42,15.07,16.06,14.18,15,16
tulu-2-13b-gblm-24,tulu-2-13b,gblm,0.5,semistructured:24,8.84,10.53,14.18,18.51,4.06,8.75,8.36,10.73,14.53,47.68,32.93,15.44,13.17,15.37,15.85,14.5,16.01,17.69,17.16,16.76,17.71,19.42,15.9,16.96,14.84,15.64,16.82
tulu-2-13b-gblm-48,tulu-2-13b,gblm,0.5,semistructured:48,7.25,8.58,11.75,15.09,3.36,7.3,7.25,8.89,11.81,38.98,26.76,12.91,10.95,12.57,13.4,12.24,13.47,14.42,13.96,13.45,14.4,15.8,12.96,13.69,12.26,12.93,13.71
llama-2-7b-bnb-8bit,llama-2-7b,bnb,0.5,-,5.5,6.71,8.79,11.76,2.5,5.64,5.88,6.88,9.27,29.84,20.31,-,-,-,-,-,-,-,-,-,-,-,-,-,-,-,-
llama-2-13b-bnb-8bit,llama-2-13b,bnb,0.5,-,4.92,6.15,8.13,10.93,2.37,5.18,5.55,6.39,8.57,27.46,19.04,-,-,-,-,-,-,-,-,-,-,-,-,-,-,-,-
tulu-2-7b-bnb-8bit,tulu-2-7b,bnb,0.5,-,6.02,7.51,9.83,13,2.75,6.2,6.54,7.64,10.3,35.37,23.33,-,-,-,-,-,-,-,-,-,-,-,-,-,-,-,-
tulu-2-13b-bnb-8bit,tulu-2-13b,bnb,0.5,-,5.36,6.73,8.94,11.92,2.6,5.63,6.97,7.13,9.34,31.67,21.6,-,-,-,-,-,-,-,-,-,-,-,-,-,-,-,-
llama-2-7b-awq-4bit,llama-2-7b,awq,0.75,-,5.61,6.86,8.94,11.9,2.53,5.74,5.95,6.99,9.42,30.32,20.6,-,-,-,-,-,-,-,-,-,-,-,-,-,-,-,-
llama-2-13b-awq-4bit,llama-2-13b,awq,0.75,-,4.87,6.22,8.22,11.04,2.39,5.25,5.59,6.45,8.66,27.8,19.23,-,-,-,-,-,-,-,-,-,-,-,-,-,-,-,-
tulu-2-7b-awq-4bit,tulu-2-7b,awq,0.75,-,6.18,7.62,10.04,13.2,2.81,6.35,6.64,7.78,10.45,36.15,23.77,-,-,-,-,-,-,-,-,-,-,-,-,-,-,-,-
tulu-2-13b-awq-4bit,tulu-2-13b,awq,0.75,-,5.45,6.8,9.06,12.07,2.63,5.71,6.13,7.07,9.44,31.97,21.78,-,-,-,-,-,-,-,-,-,-,-,-,-,-,-,-
llama-2-7b-gptq-4bit,llama-2-7b,gptq,0.75,-,6.44,6.99,9.08,12.06,2.59,5.9,6.03,7.11,9.52,30.93,20.94,-,-,-,-,-,-,-,-,-,-,-,-,-,-,-,-
llama-2-13b-gptq-4bit,llama-2-13b,gptq,0.75,-,5.03,6.26,8.29,11.09,2.41,5.29,5.62,6.49,8.7,28.01,19.33,-,-,-,-,-,-,-,-,-,-,-,-,-,-,-,-
tulu-2-7b-gptq-4bit,tulu-2-7b,gptq,0.75,-,6.44,7.71,10.15,13.59,2.88,6.52,6.64,7.92,10.54,36.95,24.28,-,-,-,-,-,-,-,-,-,-,-,-,-,-,-,-
tulu-2-13b-gptq-4bit,tulu-2-13b,gptq,0.75,-,5.48,6.83,9.11,12.08,2.65,5.75,6.15,7.10,9.46,32.13,21.85,-,-,-,-,-,-,-,-,-,-,-,-,-,-,-,-